Airline,FlightNum,PlanTime,ActualTime,Direction,Airport,City,Country,Terminal,Status
6H,727,2024-03-12 16:50:00,2024-03-12 17:20:00,D,BUD,BUDAPEST,HUNGARY,3,DEPARTED
AA,387,2024-03-12 17:30:00,2024-03-12 17:22:00,A,FCO,ROME,ITALY,3,LANDED
AR,7874,2024-03-12 17:30:00,2024-03-12 17:22:00,A,FCO,ROME,ITALY,3,LANDED
LY,384,2024-03-12 17:30:00,2024-03-12 17:22:00,A,FCO,ROME,ITALY,3,LANDED
SK,3166,2024-03-12 17:30:00,2024-03-12 17:22:00,A,FCO,ROME,ITALY,3,LANDED
TP,8897,2024-03-12 17:30:00,2024-03-12 17:22:00,A,FCO,ROME,ITALY,3,LANDED
AM,7877,2024-03-12 17:15:00,2024-03-12 17:26:00,D,LHR,LONDON,UNITED KINGDOM,3,DEPARTED
LY,317,2024-03-12 17:15:00,2024-03-12 17:26:00,D,LHR,LONDON,UNITED KINGDOM,3,DEPARTED
AA,9258,2024-03-12 16:40:00,2024-03-12 17:29:00,A,CDG,PARIS,FRANCE,3,LANDED
LY,320,2024-03-12 16:40:00,2024-03-12 17:29:00,A,CDG,PARIS,FRANCE,3,LANDED
LY,83,2024-03-12 17:25:00,2024-03-12 17:35:00,D,BKK,BANGKOK,THAILAND,3,DEPARTED
QF,5018,2024-03-12 17:25:00,2024-03-12 17:35:00,D,BKK,BANGKOK,THAILAND,3,DEPARTED
TG,4586,2024-03-12 17:25:00,2024-03-12 17:35:00,D,BKK,BANGKOK,THAILAND,3,DEPARTED
W6,4428,2024-03-12 16:30:00,2024-03-12 17:41:00,D,SOF,SOFIA,BULGARIA,3,DEPARTED
LY,5109,2024-03-12 17:30:00,2024-03-12 17:45:00,D,TBS,TBILISI,GEORGIA,3,DEPARTED
AA,9266,2024-03-12 17:50:00,2024-03-12 17:49:00,A,MAD,MADRID,SPAIN,3,LANDED
AM,7859,2024-03-12 17:50:00,2024-03-12 17:49:00,A,MAD,MADRID,SPAIN,3,LANDED
AR,7872,2024-03-12 17:50:00,2024-03-12 17:49:00,A,MAD,MADRID,SPAIN,3,LANDED
IB,2395,2024-03-12 17:50:00,2024-03-12 17:49:00,A,MAD,MADRID,SPAIN,3,LANDED
LY,396,2024-03-12 17:50:00,2024-03-12 17:49:00,A,MAD,MADRID,SPAIN,3,LANDED
A3,924,2024-03-12 18:00:00,2024-03-12 17:52:00,A,ATH,ATHENS,GREECE,3,LANDED
IZ,211,2024-03-12 17:50:00,2024-03-12 17:53:00,D,ATH,ATHENS,GREECE,3,DEPARTED
LY,2523,2024-03-12 17:45:00,2024-03-12 18:10:00,D,PRG,PRAGUE,CZECH REPUBLIC,3,DEPARTED
A4,5023,2024-03-12 18:00:00,2024-03-12 18:11:00,A,AER,SOCHI,RUSSIAN FEDERATION,3,LANDED
6H,45,2024-03-12 18:00:00,2024-03-12 18:13:00,D,ETM,RAMON,ISRAEL,3,DEPARTED
LY,571,2024-03-12 17:50:00,2024-03-12 18:39:00,D,OTP,BUCHAREST,ROMANIA,3,DEPARTED
IZ,822,2024-03-12 18:55:00,2024-03-12 18:53:00,A,ETM,RAMON,ISRAEL,3,LANDED
A3,925,2024-03-12 18:50:00,2024-03-12 18:54:00,D,ATH,ATHENS,GREECE,3,DEPARTED
AI,139,2024-03-12 19:25:00,2024-03-12 19:35:00,A,DEL,NEW DELHI,INDIA,3,LANDED
A4,5024,2024-03-12 18:55:00,2024-03-12 19:35:00,D,AER,SOCHI,RUSSIAN FEDERATION,3,DEPARTED
LY,2367,2024-03-12 19:50:00,2024-03-12 19:53:00,D,BUD,BUDAPEST,HUNGARY,3,DEPARTED
LY,974,2024-03-12 20:00:00,2024-03-12 20:10:00,A,DXB,DUBAI,UNITED ARAB EMIRATES,3,LANDED
IZ,827,2024-03-12 19:40:00,2024-03-12 20:16:00,D,ETM,RAMON,ISRAEL,3,DEPARTED
6H,46,2024-03-12 20:30:00,2024-03-12 20:21:00,A,ETM,RAMON,ISRAEL,3,LANDED
LY,81,2024-03-12 20:05:00,2024-03-12 20:22:00,D,BKK,BANGKOK,THAILAND,3,DEPARTED
QF,5020,2024-03-12 20:05:00,2024-03-12 20:22:00,D,BKK,BANGKOK,THAILAND,3,DEPARTED
TG,4584,2024-03-12 20:05:00,2024-03-12 20:22:00,D,BKK,BANGKOK,THAILAND,3,DEPARTED
VN,3298,2024-03-12 20:05:00,2024-03-12 20:22:00,D,BKK,BANGKOK,THAILAND,3,DEPARTED
LY,5102,2024-03-12 20:20:00,2024-03-12 20:28:00,A,WAW,WARSAW,POLAND,3,LANDED
LY,543,2024-03-12 20:15:00,2024-03-12 20:31:00,D,ATH,ATHENS,GREECE,3,DEPARTED
LY,5133,2024-03-12 20:00:00,2024-03-12 20:33:00,D,LCA,LARNACA,CYPRUS,3,DEPARTED
AA,9259,2024-03-12 20:00:00,2024-03-12 20:36:00,A,CDG,PARIS,FRANCE,3,LANDED
AM,7862,2024-03-12 20:00:00,2024-03-12 20:36:00,A,CDG,PARIS,FRANCE,3,LANDED
LY,324,2024-03-12 20:00:00,2024-03-12 20:36:00,A,CDG,PARIS,FRANCE,3,LANDED
SK,3160,2024-03-12 20:00:00,2024-03-12 20:36:00,A,CDG,PARIS,FRANCE,3,LANDED
LY,612,2024-03-12 20:55:00,2024-03-12 20:52:00,A,DME,MOSCOW,RUSSIAN FEDERATION,3,LANDED
S7,4483,2024-03-12 20:55:00,2024-03-12 20:52:00,A,DME,MOSCOW,RUSSIAN FEDERATION,3,LANDED
AA,9260,2024-03-12 21:05:00,2024-03-12 21:01:00,A,LHR,LONDON,UNITED KINGDOM,3,LANDED
LY,316,2024-03-12 21:05:00,2024-03-12 21:01:00,A,LHR,LONDON,UNITED KINGDOM,3,LANDED
LY,5108,2024-03-12 20:20:00,2024-03-12 21:13:00,A,TBS,TBILISI,GEORGIA,3,LANDED
AI,140,2024-03-12 21:10:00,2024-03-12 21:24:00,D,DEL,NEW DELHI,INDIA,3,DEPARTED
6H,562,2024-03-12 20:30:00,2024-03-12 21:40:00,A,ATH,ATHENS,GREECE,3,LANDED
6H,585,2024-03-12 21:35:00,2024-03-12 21:43:00,D,LCA,LARNACA,CYPRUS,3,DEPARTED
IZ,828,2024-03-12 21:45:00,2024-03-12 22:09:00,A,ETM,RAMON,ISRAEL,3,LANDED
LY,88,2024-03-12 22:05:00,2024-03-12 22:10:00,A,HKT,PHUKET,THAILAND,3,LANDED
IZ,282,2024-03-12 22:45:00,2024-03-12 22:12:00,A,PRG,PRAGUE,CZECH REPUBLIC,3,LANDED
IZ,212,2024-03-12 22:55:00,2024-03-12 22:40:00,A,ATH,ATHENS,GREECE,3,LANDED
LY,92,2024-03-12 22:05:00,2024-03-12 22:46:00,A,NRT,TOKYO,JAPAN,3,LANDED
H7,457,2024-03-12 23:00:00,2024-03-12 23:07:00,A,RMO,CHISINAU,MOLDOVA,3,LANDED
LY,5134,2024-03-12 23:10:00,2024-03-12 23:11:00,A,LCA,LARNACA,CYPRUS,3,LANDED
6H,892,2024-03-12 22:25:00,2024-03-12 23:27:00,A,TBS,TBILISI,GEORGIA,3,LANDED
6H,586,2024-03-13 00:45:00,2024-03-12 23:55:00,A,LCA,LARNACA,CYPRUS,3,LANDED
H7,458,2024-03-13 00:00:00,2024-03-13 00:09:00,D,RMO,CHISINAU,MOLDOVA,3,DEPARTED
ET,404,2024-03-13 00:35:00,2024-03-13 00:15:00,A,ADD,ADDIS ABABA,ETHIOPIA,3,LANDED
LY,8804,2024-03-13 00:35:00,2024-03-13 00:15:00,A,ADD,ADDIS ABABA,ETHIOPIA,3,LANDED
LY,5110,2024-03-12 23:50:00,2024-03-13 00:27:00,A,TBS,TBILISI,GEORGIA,3,LANDED
6H,728,2024-03-13 00:30:00,2024-03-13 00:30:00,A,BUD,BUDAPEST,HUNGARY,3,LANDED
LY,356,2024-03-13 00:35:00,2024-03-13 00:32:00,A,FRA,FRANKFURT,GERMANY,3,LANDED
LY,364,2024-03-13 00:35:00,2024-03-13 00:36:00,A,VIE,VIENNA,AUSTRIA,3,LANDED
LY,572,2024-03-13 00:20:00,2024-03-13 00:49:00,A,OTP,BUCHAREST,ROMANIA,3,LANDED
AM,7869,2024-03-13 00:45:00,2024-03-13 01:02:00,D,JFK,NEW YORK,UNITED STATES,3,DEPARTED
AR,7853,2024-03-13 00:45:00,2024-03-13 01:02:00,D,JFK,NEW YORK,UNITED STATES,3,DEPARTED
B6,6451,2024-03-13 00:45:00,2024-03-13 01:02:00,D,JFK,NEW YORK,UNITED STATES,3,DEPARTED
DL,7424,2024-03-13 00:45:00,2024-03-13 01:02:00,D,JFK,NEW YORK,UNITED STATES,3,DEPARTED
LY,1,2024-03-13 00:45:00,2024-03-13 01:02:00,D,JFK,NEW YORK,UNITED STATES,3,DEPARTED
LY,388,2024-03-13 00:55:00,2024-03-13 01:05:00,A,MXP,MILAN,ITALY,3,LANDED
SK,3180,2024-03-13 00:55:00,2024-03-13 01:05:00,A,MXP,MILAN,ITALY,3,LANDED
TP,8901,2024-03-13 00:55:00,2024-03-13 01:05:00,A,MXP,MILAN,ITALY,3,LANDED
B6,6481,2024-03-13 00:05:00,2024-03-13 01:07:00,D,EWR,NEWARK,UNITED STATES,3,DEPARTED
DL,7441,2024-03-13 00:05:00,2024-03-13 01:07:00,D,EWR,NEWARK,UNITED STATES,3,DEPARTED
LY,25,2024-03-13 00:05:00,2024-03-13 01:07:00,D,EWR,NEWARK,UNITED STATES,3,DEPARTED
LY,328,2024-03-13 00:10:00,2024-03-13 01:10:00,A,CDG,PARIS,FRANCE,3,LANDED
SK,3162,2024-03-13 00:10:00,2024-03-13 01:10:00,A,CDG,PARIS,FRANCE,3,LANDED
AM,7875,2024-03-13 00:45:00,2024-03-13 01:12:00,D,LAX,LOS ANGELES,UNITED STATES,3,DEPARTED
B6,6461,2024-03-13 00:45:00,2024-03-13 01:12:00,D,LAX,LOS ANGELES,UNITED STATES,3,DEPARTED
DL,7428,2024-03-13 00:45:00,2024-03-13 01:12:00,D,LAX,LOS ANGELES,UNITED STATES,3,DEPARTED
LY,5,2024-03-13 00:45:00,2024-03-13 01:12:00,D,LAX,LOS ANGELES,UNITED STATES,3,DEPARTED
BZ,701,2024-03-13 01:20:00,2024-03-13 01:16:00,A,ATH,ATHENS,GREECE,3,LANDED
LY,544,2024-03-13 01:30:00,2024-03-13 01:18:00,A,ATH,ATHENS,GREECE,3,LANDED
AR,7851,2024-03-13 01:00:00,2024-03-13 01:23:00,D,MIA,MIAMI,UNITED STATES,3,DEPARTED
B6,6467,2024-03-13 01:00:00,2024-03-13 01:23:00,D,MIA,MIAMI,UNITED STATES,3,DEPARTED
DL,7437,2024-03-13 01:00:00,2024-03-13 01:23:00,D,MIA,MIAMI,UNITED STATES,3,DEPARTED
LY,17,2024-03-13 01:00:00,2024-03-13 01:23:00,D,MIA,MIAMI,UNITED STATES,3,DEPARTED
B6,6483,2024-03-13 01:00:00,2024-03-13 01:26:00,D,EWR,NEWARK,UNITED STATES,3,DEPARTED
DL,7443,2024-03-13 01:00:00,2024-03-13 01:26:00,D,EWR,NEWARK,UNITED STATES,3,DEPARTED
LY,27,2024-03-13 01:00:00,2024-03-13 01:26:00,D,EWR,NEWARK,UNITED STATES,3,DEPARTED
ET,405,2024-03-13 01:30:00,2024-03-13 01:38:00,D,ADD,ADDIS ABABA,ETHIOPIA,3,DEPARTED
LY,8807,2024-03-13 01:30:00,2024-03-13 01:38:00,D,ADD,ADDIS ABABA,ETHIOPIA,3,DEPARTED
LY,2524,2024-03-13 02:45:00,2024-03-13 02:32:00,A,PRG,PRAGUE,CZECH REPUBLIC,3,LANDED
A3,928,2024-03-13 03:00:00,2024-03-13 02:36:00,A,ATH,ATHENS,GREECE,3,LANDED
FB,1528,2024-03-13 03:00:00,2024-03-13 02:36:00,A,ATH,ATHENS,GREECE,3,LANDED
LY,376,2024-03-13 02:30:00,2024-03-13 02:59:00,A,LIS,LISBON,PORTUGAL,3,LANDED
TP,8913,2024-03-13 02:30:00,2024-03-13 02:59:00,A,LIS,LISBON,PORTUGAL,3,LANDED
AM,7850,2024-03-13 02:55:00,2024-03-13 03:12:00,A,AMS,AMSTERDAM,NETHERLANDS,3,LANDED
LY,336,2024-03-13 02:55:00,2024-03-13 03:12:00,A,AMS,AMSTERDAM,NETHERLANDS,3,LANDED
SK,3152,2024-03-13 02:55:00,2024-03-13 03:12:00,A,AMS,AMSTERDAM,NETHERLANDS,3,LANDED
LY,3010,2024-03-13 03:20:00,2024-03-13 03:20:00,A,JFK,NEW YORK,UNITED STATES,3,CANCELED
LY,2360,2024-03-13 03:40:00,2024-03-13 03:28:00,A,BUD,BUDAPEST,HUNGARY,3,LANDED
AM,7854,2024-03-13 03:55:00,2024-03-13 03:40:00,A,CDG,PARIS,FRANCE,3,LANDED
LY,326,2024-03-13 03:55:00,2024-03-13 03:40:00,A,CDG,PARIS,FRANCE,3,LANDED
SK,3158,2024-03-13 03:55:00,2024-03-13 03:40:00,A,CDG,PARIS,FRANCE,3,LANDED
LO,151,2024-03-13 03:45:00,2024-03-13 03:45:00,A,WAW,WARSAW,POLAND,3,LANDED
LY,9256,2024-03-13 03:45:00,2024-03-13 03:45:00,A,WAW,WARSAW,POLAND,3,LANDED
OS,859,2024-03-13 03:35:00,2024-03-13 03:55:00,A,VIE,VIENNA,AUSTRIA,3,LANDED
LY,134,2024-03-13 03:20:00,2024-03-13 04:25:00,A,JFK,NEW YORK,UNITED STATES,3,LANDED
AA,9267,2024-03-13 05:05:00,2024-03-13 04:26:00,A,LHR,LONDON,UNITED KINGDOM,3,LANDED
AM,7876,2024-03-13 05:05:00,2024-03-13 04:26:00,A,LHR,LONDON,UNITED KINGDOM,3,LANDED
LY,318,2024-03-13 05:05:00,2024-03-13 04:26:00,A,LHR,LONDON,UNITED KINGDOM,3,LANDED
SK,3174,2024-03-13 05:05:00,2024-03-13 04:26:00,A,LHR,LONDON,UNITED KINGDOM,3,LANDED
QS,1286,2024-03-13 04:35:00,2024-03-13 04:31:00,A,PRG,PRAGUE,CZECH REPUBLIC,3,LANDED
BZ,251,2024-03-13 05:05:00,2024-03-13 04:53:00,A,BCN,BARCELONA,SPAIN,3,LANDED
A3,929,2024-03-13 05:15:00,2024-03-13 05:30:00,D,ATH,ATHENS,GREECE,3,DEPARTED
FB,1529,2024-03-13 05:15:00,2024-03-13 05:30:00,D,ATH,ATHENS,GREECE,3,DEPARTED
JU,7623,2024-03-13 05:15:00,2024-03-13 05:30:00,D,ATH,ATHENS,GREECE,3,DEPARTED
LO,152,2024-03-13 05:20:00,2024-03-13 05:32:00,D,WAW,WARSAW,POLAND,3,DEPARTED
LY,9255,2024-03-13 05:20:00,2024-03-13 05:32:00,D,WAW,WARSAW,POLAND,3,DEPARTED
NH,5620,2024-03-13 05:20:00,2024-03-13 05:39:00,D,VIE,VIENNA,AUSTRIA,3,DEPARTED
OS,860,2024-03-13 05:20:00,2024-03-13 05:39:00,D,VIE,VIENNA,AUSTRIA,3,DEPARTED
LY,82,2024-03-13 06:15:00,2024-03-13 05:54:00,A,BKK,BANGKOK,THAILAND,3,LANDED
QF,5021,2024-03-13 06:15:00,2024-03-13 05:54:00,A,BKK,BANGKOK,THAILAND,3,LANDED
TG,5483,2024-03-13 06:15:00,2024-03-13 05:54:00,A,BKK,BANGKOK,THAILAND,3,LANDED
VN,3299,2024-03-13 06:15:00,2024-03-13 05:54:00,A,BKK,BANGKOK,THAILAND,3,LANDED
B6,6484,2024-03-13 06:35:00,2024-03-13 06:07:00,A,EWR,NEWARK,UNITED STATES,3,LANDED
DL,7444,2024-03-13 06:35:00,2024-03-13 06:07:00,A,EWR,NEWARK,UNITED STATES,3,LANDED
LY,28,2024-03-13 06:35:00,2024-03-13 06:07:00,A,EWR,NEWARK,UNITED STATES,3,LANDED
QS,1287,2024-03-13 05:35:00,2024-03-13 06:08:00,D,PRG,PRAGUE,CZECH REPUBLIC,3,DEPARTED
LY,2371,2024-03-13 06:00:00,2024-03-13 06:17:00,D,BER,BERLIN,GERMANY,3,DEPARTED
SK,3157,2024-03-13 06:00:00,2024-03-13 06:17:00,D,BER,BERLIN,GERMANY,3,DEPARTED
AA,9262,2024-03-13 05:50:00,2024-03-13 06:19:00,D,CDG,PARIS,FRANCE,3,DEPARTED
AM,7867,2024-03-13 05:50:00,2024-03-13 06:19:00,D,CDG,PARIS,FRANCE,3,DEPARTED
LY,319,2024-03-13 05:50:00,2024-03-13 06:19:00,D,CDG,PARIS,FRANCE,3,DEPARTED
SK,3161,2024-03-13 05:50:00,2024-03-13 06:19:00,D,CDG,PARIS,FRANCE,3,DEPARTED
AM,7864,2024-03-13 05:55:00,2024-03-13 06:23:00,D,AMS,AMSTERDAM,NETHERLANDS,3,DEPARTED
LY,337,2024-03-13 05:55:00,2024-03-13 06:23:00,D,AMS,AMSTERDAM,NETHERLANDS,3,DEPARTED
SK,3155,2024-03-13 05:55:00,2024-03-13 06:23:00,D,AMS,AMSTERDAM,NETHERLANDS,3,DEPARTED
LY,345,2024-03-13 06:10:00,2024-03-13 06:26:00,D,GVA,GENEVA,SWITZERLAND,3,DEPARTED
AR,7877,2024-03-13 06:10:00,2024-03-13 06:28:00,D,FCO,ROME,ITALY,3,DEPARTED
LY,385,2024-03-13 06:10:00,2024-03-13 06:28:00,D,FCO,ROME,ITALY,3,DEPARTED
SK,3167,2024-03-13 06:10:00,2024-03-13 06:28:00,D,FCO,ROME,ITALY,3,DEPARTED
TP,8898,2024-03-13 06:10:00,2024-03-13 06:28:00,D,FCO,ROME,ITALY,3,DEPARTED
LY,357,2024-03-13 05:55:00,2024-03-13 06:35:00,D,FRA,FRANKFURT,GERMANY,3,DEPARTED
SK,3165,2024-03-13 05:55:00,2024-03-13 06:35:00,D,FRA,FRANKFURT,GERMANY,3,DEPARTED
IZ,801,2024-03-13 06:30:00,2024-03-13 06:37:00,D,ETM,RAMON,ISRAEL,3,DEPARTED
LY,361,2024-03-13 06:30:00,2024-03-13 06:39:00,D,VIE,VIENNA,AUSTRIA,3,DEPARTED
LY,4,2024-03-13 06:50:00,2024-03-13 06:44:00,A,JFK,NEW YORK,UNITED STATES,3,LANDED
AA,9265,2024-03-13 06:15:00,2024-03-13 06:45:00,D,MAD,MADRID,SPAIN,3,DEPARTED
AM,7879,2024-03-13 06:15:00,2024-03-13 06:45:00,D,MAD,MADRID,SPAIN,3,DEPARTED
AR,7871,2024-03-13 06:15:00,2024-03-13 06:45:00,D,MAD,MADRID,SPAIN,3,DEPARTED
IB,2394,2024-03-13 06:15:00,2024-03-13 06:45:00,D,MAD,MADRID,SPAIN,3,DEPARTED
LY,395,2024-03-13 06:15:00,2024-03-13 06:45:00,D,MAD,MADRID,SPAIN,3,DEPARTED
IB,2392,2024-03-13 06:30:00,2024-03-13 06:49:00,D,BCN,BARCELONA,SPAIN,3,DEPARTED
LY,393,2024-03-13 06:30:00,2024-03-13 06:49:00,D,BCN,BARCELONA,SPAIN,3,DEPARTED
LY,381,2024-03-13 06:50:00,2024-03-13 06:59:00,D,MXP,MILAN,ITALY,3,DEPARTED
SK,3185,2024-03-13 06:50:00,2024-03-13 06:59:00,D,MXP,MILAN,ITALY,3,DEPARTED
TP,8910,2024-03-13 06:50:00,2024-03-13 06:59:00,D,MXP,MILAN,ITALY,3,DEPARTED
LY,541,2024-03-13 06:50:00,2024-03-13 07:03:00,D,ATH,ATHENS,GREECE,3,DEPARTED
LY,5101,2024-03-13 06:50:00,2024-03-13 07:07:00,D,WAW,WARSAW,POLAND,3,DEPARTED
LY,573,2024-03-13 07:00:00,2024-03-13 07:15:00,D,OTP,BUCHAREST,ROMANIA,3,DEPARTED
LY,5131,2024-03-13 07:00:00,2024-03-13 07:17:00,D,LCA,LARNACA,CYPRUS,3,DEPARTED
LY,311,2024-03-13 07:00:00,2024-03-13 07:21:00,D,LTN,LONDON LUTON,UNITED KINGDOM,3,DEPARTED
BZ,132,2024-03-13 07:10:00,2024-03-13 07:28:00,D,FCO,ROME,ITALY,3,DEPARTED
IZ,103,2024-03-13 06:55:00,2024-03-13 07:30:00,D,VNO,VILNIUS,LITHUANIA,3,DEPARTED
LY,2365,2024-03-13 07:05:00,2024-03-13 07:33:00,D,BUD,BUDAPEST,HUNGARY,3,DEPARTED
LY,347,2024-03-13 06:25:00,2024-03-13 07:42:00,D,ZRH,ZURICH,SWITZERLAND,3,DEPARTED
SK,3189,2024-03-13 06:25:00,2024-03-13 07:42:00,D,ZRH,ZURICH,SWITZERLAND,3,DEPARTED
UA,84,2024-03-13 08:20:00,2024-03-13 07:59:00,A,EWR,NEWARK,UNITED STATES,3,LANDED
6H,43,2024-03-13 07:30:00,2024-03-13 08:02:00,D,ETM,RAMON,ISRAEL,3,DEPARTED
6H,661,2024-03-13 07:20:00,2024-03-13 08:08:00,D,DXB,DUBAI,UNITED ARAB EMIRATES,3,DEPARTED
IZ,803,2024-03-13 08:00:00,2024-03-13 08:10:00,D,ETM,RAMON,ISRAEL,3,DEPARTED
6H,883,2024-03-13 07:45:00,2024-03-13 08:13:00,D,BUS,BATUMI,GEORGIA,3,DEPARTED
LY,551,2024-03-13 07:30:00,2024-03-13 08:16:00,D,SOF,SOFIA,BULGARIA,3,DEPARTED
EK,2369,2024-03-13 08:05:00,2024-03-13 08:24:00,A,DXB,DUBAI,UNITED ARAB EMIRATES,3,LANDED
FZ,1549,2024-03-13 08:05:00,2024-03-13 08:24:00,A,DXB,DUBAI,UNITED ARAB EMIRATES,3,LANDED
BZ,252,2024-03-13 08:05:00,2024-03-13 08:25:00,D,BCN,BARCELONA,SPAIN,3,DEPARTED
LY,611,2024-03-13 08:20:00,2024-03-13 08:31:00,D,DME,MOSCOW,RUSSIAN FEDERATION,3,DEPARTED
S7,4482,2024-03-13 08:20:00,2024-03-13 08:31:00,D,DME,MOSCOW,RUSSIAN FEDERATION,3,DEPARTED
AR,7850,2024-03-13 09:05:00,2024-03-13 08:40:00,A,MIA,MIAMI,UNITED STATES,3,LANDED
B6,6468,2024-03-13 09:05:00,2024-03-13 08:40:00,A,MIA,MIAMI,UNITED STATES,3,LANDED
DL,7438,2024-03-13 09:05:00,2024-03-13 08:40:00,A,MIA,MIAMI,UNITED STATES,3,LANDED
LY,18,2024-03-13 09:05:00,2024-03-13 08:40:00,A,MIA,MIAMI,UNITED STATES,3,LANDED
IZ,802,2024-03-13 08:45:00,2024-03-13 08:51:00,A,ETM,RAMON,ISRAEL,3,LANDED
LY,5129,2024-03-13 08:35:00,2024-03-13 09:04:00,D,RMO,CHISINAU,MOLDOVA,3,DEPARTED
LY,3,2024-03-13 08:45:00,2024-03-13 09:09:00,D,JFK,NEW YORK,UNITED STATES,3,DEPARTED
AM,7885,2024-03-13 09:00:00,2024-03-13 09:15:00,D,CDG,PARIS,FRANCE,3,DEPARTED
LY,323,2024-03-13 09:00:00,2024-03-13 09:15:00,D,CDG,PARIS,FRANCE,3,DEPARTED
SK,3163,2024-03-13 09:00:00,2024-03-13 09:15:00,D,CDG,PARIS,FRANCE,3,DEPARTED
AA,9261,2024-03-13 09:15:00,2024-03-13 09:31:00,D,LHR,LONDON,UNITED KINGDOM,3,DEPARTED
AM,7863,2024-03-13 09:15:00,2024-03-13 09:31:00,D,LHR,LONDON,UNITED KINGDOM,3,DEPARTED
LY,315,2024-03-13 09:15:00,2024-03-13 09:31:00,D,LHR,LONDON,UNITED KINGDOM,3,DEPARTED
SK,3181,2024-03-13 09:15:00,2024-03-13 09:31:00,D,LHR,LONDON,UNITED KINGDOM,3,DEPARTED
EK,2450,2024-03-13 09:30:00,2024-03-13 09:42:00,A,DXB,DUBAI,UNITED ARAB EMIRATES,3,LANDED
FZ,1081,2024-03-13 09:30:00,2024-03-13 09:42:00,A,DXB,DUBAI,UNITED ARAB EMIRATES,3,LANDED
EK,2370,2024-03-13 09:20:00,2024-03-13 09:50:00,D,DXB,DUBAI,UNITED ARAB EMIRATES,3,DEPARTED
FZ,1550,2024-03-13 09:20:00,2024-03-13 09:50:00,D,DXB,DUBAI,UNITED ARAB EMIRATES,3,DEPARTED
LY,5132,2024-03-13 10:10:00,2024-03-13 09:53:00,A,LCA,LARNACA,CYPRUS,3,LANDED
IZ,640,2024-03-13 10:00:00,2024-03-13 10:00:00,A,CMB,COLOMBO,SRI LANKA,3,CANCELED
IZ,807,2024-03-13 09:40:00,2024-03-13 10:04:00,D,ETM,RAMON,ISRAEL,3,DEPARTED
IZ,640,2024-03-13 10:00:00,2024-03-13 10:11:00,A,CMB,COLOMBO,SRI LANKA,3,LANDED
IZ,413,2024-03-13 10:15:00,2024-03-13 10:24:00,D,BUS,BATUMI,GEORGIA,3,DEPARTED
6H,44,2024-03-13 10:00:00,2024-03-13 10:24:00,A,ETM,RAMON,ISRAEL,3,LANDED
IZ,804,2024-03-13 10:25:00,2024-03-13 10:28:00,A,ETM,RAMON,ISRAEL,3,LANDED
6H,583,2024-03-13 10:20:00,2024-03-13 10:34:00,D,LCA,LARNACA,CYPRUS,3,DEPARTED
UA,85,2024-03-13 10:30:00,2024-03-13 10:44:00,D,EWR,NEWARK,UNITED STATES,3,DEPARTED
AM,7868,2024-03-13 10:20:00,2024-03-13 10:48:00,A,JFK,NEW YORK,UNITED STATES,3,LANDED
AR,7852,2024-03-13 10:20:00,2024-03-13 10:48:00,A,JFK,NEW YORK,UNITED STATES,3,LANDED
B6,6450,2024-03-13 10:20:00,2024-03-13 10:48:00,A,JFK,NEW YORK,UNITED STATES,3,LANDED
DL,7425,2024-03-13 10:20:00,2024-03-13 10:48:00,A,JFK,NEW YORK,UNITED STATES,3,LANDED
LY,2,2024-03-13 10:20:00,2024-03-13 10:48:00,A,JFK,NEW YORK,UNITED STATES,3,LANDED
A4,5025,2024-03-13 10:55:00,2024-03-13 11:05:00,A,AER,SOCHI,RUSSIAN FEDERATION,3,LANDED
IZ,2823,2024-03-13 11:15:00,2024-03-13 11:15:00,D,ETM,RAMON,ISRAEL,3,CANCELED
EY,593,2024-03-13 11:20:00,2024-03-13 11:20:00,A,AUH,ABU DHABI,UNITED ARAB EMIRATES,3,LANDED
LY,9600,2024-03-13 11:20:00,2024-03-13 11:20:00,A,AUH,ABU DHABI,UNITED ARAB EMIRATES,3,LANDED
EK,2451,2024-03-13 10:45:00,2024-03-13 11:32:00,D,DXB,DUBAI,UNITED ARAB EMIRATES,3,DEPARTED
FZ,1082,2024-03-13 10:45:00,2024-03-13 11:32:00,D,DXB,DUBAI,UNITED ARAB EMIRATES,3,DEPARTED
A3,926,2024-03-13 12:00:00,2024-03-13 11:49:00,A,ATH,ATHENS,GREECE,3,LANDED
JU,7620,2024-03-13 12:00:00,2024-03-13 11:49:00,A,ATH,ATHENS,GREECE,3,LANDED
LY,542,2024-03-13 12:05:00,2024-03-13 11:55:00,A,ATH,ATHENS,GREECE,3,LANDED
IZ,2823,2024-03-13 11:15:00,2024-03-13 11:56:00,D,ETM,RAMON,ISRAEL,3,DEPARTED
6H,47,2024-03-13 11:00:00,2024-03-13 12:04:00,D,ETM,RAMON,ISRAEL,3,DEPARTED
EK,2363,2024-03-13 11:55:00,2024-03-13 12:13:00,A,DXB,DUBAI,UNITED ARAB EMIRATES,3,LANDED
FZ,1211,2024-03-13 11:55:00,2024-03-13 12:13:00,A,DXB,DUBAI,UNITED ARAB EMIRATES,3,LANDED
LY,23,2024-03-13 11:45:00,2024-03-13 12:18:00,D,EWR,NEWARK,UNITED STATES,3,DEPARTED
A4,5026,2024-03-13 12:05:00,2024-03-13 12:25:00,D,AER,SOCHI,RUSSIAN FEDERATION,3,DEPARTED
B6,6466,2024-03-13 12:30:00,2024-03-13 12:30:00,A,BOS,BOSTON,UNITED STATES,3,LANDED
DL,7436,2024-03-13 12:30:00,2024-03-13 12:30:00,A,BOS,BOSTON,UNITED STATES,3,LANDED
LY,16,2024-03-13 12:30:00,2024-03-13 12:30:00,A,BOS,BOSTON,UNITED STATES,3,LANDED
IZ,808,2024-03-13 12:05:00,2024-03-13 12:33:00,A,ETM,RAMON,ISRAEL,3,LANDED
LY,973,2024-03-13 12:25:00,2024-03-13 12:35:00,D,DXB,DUBAI,UNITED ARAB EMIRATES,3,DEPARTED
6H,584,2024-03-13 13:30:00,2024-03-13 12:58:00,A,LCA,LARNACA,CYPRUS,3,LANDED
A3,927,2024-03-13 12:50:00,2024-03-13 13:05:00,D,ATH,ATHENS,GREECE,3,DEPARTED
EK,4978,2024-03-13 12:50:00,2024-03-13 13:05:00,D,ATH,ATHENS,GREECE,3,DEPARTED
ET,418,2024-03-13 13:35:00,2024-03-13 13:05:00,A,ADD,ADDIS ABABA,ETHIOPIA,3,LANDED
FB,1514,2024-03-13 12:50:00,2024-03-13 13:05:00,D,ATH,ATHENS,GREECE,3,DEPARTED
JU,7621,2024-03-13 12:50:00,2024-03-13 13:05:00,D,ATH,ATHENS,GREECE,3,DEPARTED
LY,8808,2024-03-13 13:35:00,2024-03-13 13:05:00,A,ADD,ADDIS ABABA,ETHIOPIA,3,LANDED
EY,594,2024-03-13 13:00:00,2024-03-13 13:10:00,D,AUH,ABU DHABI,UNITED ARAB EMIRATES,3,DEPARTED
LY,9601,2024-03-13 13:00:00,2024-03-13 13:10:00,D,AUH,ABU DHABI,UNITED ARAB EMIRATES,3,DEPARTED
EK,2345,2024-03-13 13:05:00,2024-03-13 13:13:00,A,DXB,DUBAI,UNITED ARAB EMIRATES,3,LANDED
FZ,1125,2024-03-13 13:05:00,2024-03-13 13:13:00,A,DXB,DUBAI,UNITED ARAB EMIRATES,3,LANDED
BZ,703,2024-03-13 13:35:00,2024-03-13 13:22:00,A,ATH,ATHENS,GREECE,3,LANDED
LY,574,2024-03-13 13:25:00,2024-03-13 13:33:00,A,OTP,BUCHAREST,ROMANIA,3,LANDED
EK,2364,2024-03-13 13:10:00,2024-03-13 13:34:00,D,DXB,DUBAI,UNITED ARAB EMIRATES,3,DEPARTED
FZ,1212,2024-03-13 13:10:00,2024-03-13 13:34:00,D,DXB,DUBAI,UNITED ARAB EMIRATES,3,DEPARTED
AM,7874,2024-03-13 13:50:00,2024-03-13 13:37:00,A,LAX,LOS ANGELES,UNITED STATES,3,LANDED
B6,6462,2024-03-13 13:50:00,2024-03-13 13:37:00,A,LAX,LOS ANGELES,UNITED STATES,3,LANDED
LY,6,2024-03-13 13:50:00,2024-03-13 13:37:00,A,LAX,LOS ANGELES,UNITED STATES,3,LANDED
IZ,815,2024-03-13 13:10:00,2024-03-13 13:39:00,D,ETM,RAMON,ISRAEL,3,DEPARTED
IZ,2824,2024-03-13 13:40:00,2024-03-13 13:40:00,A,ETM,RAMON,ISRAEL,3,CANCELED
6H,884,2024-03-13 13:30:00,2024-03-13 13:47:00,A,BUS,BATUMI,GEORGIA,3,LANDED
LY,327,2024-03-13 13:20:00,2024-03-13 13:48:00,D,CDG,PARIS,FRANCE,3,DEPARTED
SK,3159,2024-03-13 13:20:00,2024-03-13 13:48:00,D,CDG,PARIS,FRANCE,3,DEPARTED
LY,375,2024-03-13 13:40:00,2024-03-13 13:53:00,D,LIS,LISBON,PORTUGAL,3,DEPARTED
TP,8920,2024-03-13 13:40:00,2024-03-13 13:53:00,D,LIS,LISBON,PORTUGAL,3,DEPARTED
LY,552,2024-03-13 13:45:00,2024-03-13 14:03:00,A,SOF,SOFIA,BULGARIA,3,LANDED
UX,1301,2024-03-13 14:20:00,2024-03-13 14:05:00,A,MAD,MADRID,SPAIN,3,LANDED
B6,6482,2024-03-13 14:20:00,2024-03-13 14:09:00,A,EWR,NEWARK,UNITED STATES,3,LANDED
DL,7442,2024-03-13 14:20:00,2024-03-13 14:09:00,A,EWR,NEWARK,UNITED STATES,3,LANDED
LY,26,2024-03-13 14:20:00,2024-03-13 14:09:00,A,EWR,NEWARK,UNITED STATES,3,LANDED
IZ,511,2024-03-13 13:30:00,2024-03-13 14:14:00,D,AMS,AMSTERDAM,NETHERLANDS,3,DEPARTED
IZ,2824,2024-03-13 13:40:00,2024-03-13 14:15:00,A,ETM,RAMON,ISRAEL,3,LANDED
AR,7876,2024-03-13 14:30:00,2024-03-13 14:18:00,A,FCO,ROME,ITALY,3,LANDED
LY,386,2024-03-13 14:30:00,2024-03-13 14:18:00,A,FCO,ROME,ITALY,3,LANDED
DN,901,2024-03-13 14:00:00,2024-03-13 14:26:00,D,PSA,PISA,ITALY,3,DEPARTED
LY,5107,2024-03-13 14:05:00,2024-03-13 14:31:00,D,TBS,TBILISI,GEORGIA,3,DEPARTED
U8,108,2024-03-13 14:55:00,2024-03-13 14:43:00,A,LCA,LARNACA,CYPRUS,3,LANDED
IZ,211,2024-03-13 14:45:00,2024-03-13 14:45:00,D,ATH,ATHENS,GREECE,3,CANCELED
LY,2366,2024-03-13 14:55:00,2024-03-13 14:45:00,A,BUD,BUDAPEST,HUNGARY,3,LANDED
ET,419,2024-03-13 14:35:00,2024-03-13 14:46:00,D,ADD,ADDIS ABABA,ETHIOPIA,3,DEPARTED
LY,8809,2024-03-13 14:35:00,2024-03-13 14:46:00,D,ADD,ADDIS ABABA,ETHIOPIA,3,DEPARTED
LY,362,2024-03-13 15:00:00,2024-03-13 14:49:00,A,VIE,VIENNA,AUSTRIA,3,LANDED
6H,48,2024-03-13 13:45:00,2024-03-13 14:52:00,A,ETM,RAMON,ISRAEL,3,LANDED
BZ,702,2024-03-13 14:30:00,2024-03-13 14:54:00,D,ATH,ATHENS,GREECE,3,DEPARTED
EK,2346,2024-03-13 14:20:00,2024-03-13 14:57:00,D,DXB,DUBAI,UNITED ARAB EMIRATES,3,DEPARTED
FZ,1126,2024-03-13 14:20:00,2024-03-13 14:57:00,D,DXB,DUBAI,UNITED ARAB EMIRATES,3,DEPARTED
BZ,131,2024-03-13 15:10:00,2024-03-13 15:02:00,A,FCO,ROME,ITALY,3,LANDED
6H,767,2024-03-13 14:45:00,2024-03-13 15:02:00,D,PRG,PRAGUE,CZECH REPUBLIC,3,DEPARTED
6H,725,2024-03-13 14:30:00,2024-03-13 15:04:00,D,BUD,BUDAPEST,HUNGARY,3,DEPARTED
LY,5102,2024-03-13 15:30:00,2024-03-13 15:07:00,A,WAW,WARSAW,POLAND,3,LANDED
LY,343,2024-03-13 15:05:00,2024-03-13 15:19:00,D,ZRH,ZURICH,SWITZERLAND,3,DEPARTED
SK,3191,2024-03-13 15:05:00,2024-03-13 15:19:00,D,ZRH,ZURICH,SWITZERLAND,3,DEPARTED
LY,2372,2024-03-13 15:35:00,2024-03-13 15:24:00,A,BER,BERLIN,GERMANY,3,LANDED
SK,3154,2024-03-13 15:35:00,2024-03-13 15:24:00,A,BER,BERLIN,GERMANY,3,LANDED
AF,962,2024-03-13 14:20:00,2024-03-13 15:29:00,A,CDG,PARIS,FRANCE,3,LANDED
DL,8457,2024-03-13 14:20:00,2024-03-13 15:29:00,A,CDG,PARIS,FRANCE,3,LANDED
LY,5130,2024-03-13 15:50:00,2024-03-13 15:40:00,A,RMO,CHISINAU,MOLDOVA,3,LANDED
IZ,414,2024-03-13 16:05:00,2024-03-13 15:42:00,A,BUS,BATUMI,GEORGIA,3,LANDED
LY,346,2024-03-13 16:00:00,2024-03-13 15:51:00,A,GVA,GENEVA,SWITZERLAND,3,LANDED
LY,5207,2024-03-13 15:00:00,2024-03-13 15:52:00,D,BEG,BELGRADE,SERBIA,3,DEPARTED
6H,662,2024-03-13 15:50:00,2024-03-13 15:57:00,A,DXB,DUBAI,UNITED ARAB EMIRATES,3,LANDED
IZ,816,2024-03-13 15:35:00,2024-03-13 15:58:00,A,ETM,RAMON,ISRAEL,3,LANDED
IZ,211,2024-03-13 14:45:00,2024-03-13 15:59:00,D,ATH,ATHENS,GREECE,3,DEPARTED
WZ,11,2024-03-13 15:45:00,2024-03-13 16:03:00,A,LED,S.PETERSBURG,RUSSIAN FEDERATION,3,LANDED
AM,7856,2024-03-13 16:10:00,2024-03-13 16:09:00,A,JFK,NEW YORK,UNITED STATES,3,LANDED
AR,7856,2024-03-13 16:10:00,2024-03-13 16:09:00,A,JFK,NEW YORK,UNITED STATES,3,LANDED
B6,6456,2024-03-13 16:10:00,2024-03-13 16:09:00,A,JFK,NEW YORK,UNITED STATES,3,LANDED
DL,7431,2024-03-13 16:10:00,2024-03-13 16:09:00,A,JFK,NEW YORK,UNITED STATES,3,LANDED
LY,8,2024-03-13 16:10:00,2024-03-13 16:09:00,A,JFK,NEW YORK,UNITED STATES,3,LANDED
LY,382,2024-03-13 16:00:00,2024-03-13 16:12:00,A,MXP,MILAN,ITALY,3,LANDED
SK,3184,2024-03-13 16:00:00,2024-03-13 16:12:00,A,MXP,MILAN,ITALY,3,LANDED
U8,109,2024-03-13 15:55:00,2024-03-13 16:12:00,D,LCA,LARNACA,CYPRUS,3,DEPARTED
UX,1302,2024-03-13 16:05:00,2024-03-13 16:14:00,D,MAD,MADRID,SPAIN,3,DEPARTED
AM,7871,2024-03-13 15:50:00,2024-03-13 16:17:00,D,JFK,NEW YORK,UNITED STATES,3,DEPARTED
AR,7855,2024-03-13 15:50:00,2024-03-13 16:17:00,D,JFK,NEW YORK,UNITED STATES,3,DEPARTED
B6,6455,2024-03-13 15:50:00,2024-03-13 16:17:00,D,JFK,NEW YORK,UNITED STATES,3,DEPARTED
DL,7430,2024-03-13 15:50:00,2024-03-13 16:17:00,D,JFK,NEW YORK,UNITED STATES,3,DEPARTED
LY,7,2024-03-13 15:50:00,2024-03-13 16:17:00,D,JFK,NEW YORK,UNITED STATES,3,DEPARTED
AM,7851,2024-03-13 16:10:00,2024-03-13 16:27:00,D,AMS,AMSTERDAM,NETHERLANDS,3,DEPARTED
LY,339,2024-03-13 16:10:00,2024-03-13 16:27:00,D,AMS,AMSTERDAM,NETHERLANDS,3,DEPARTED
SK,3151,2024-03-13 16:10:00,2024-03-13 16:27:00,D,AMS,AMSTERDAM,NETHERLANDS,3,DEPARTED
LY,348,2024-03-13 16:10:00,2024-03-13 16:30:00,A,ZRH,ZURICH,SWITZERLAND,3,LANDED
SK,3188,2024-03-13 16:10:00,2024-03-13 16:30:00,A,ZRH,ZURICH,SWITZERLAND,3,LANDED
LY,358,2024-03-13 16:05:00,2024-03-13 16:35:00,A,FRA,FRANKFURT,GERMANY,3,LANDED
LY,387,2024-03-13 16:20:00,2024-03-13 16:35:00,D,MXP,MILAN,ITALY,3,DEPARTED
SK,3183,2024-03-13 16:20:00,2024-03-13 16:35:00,D,MXP,MILAN,ITALY,3,DEPARTED
IB,2393,2024-03-13 16:40:00,2024-03-13 16:41:00,A,BCN,BARCELONA,SPAIN,3,LANDED
LY,394,2024-03-13 16:40:00,2024-03-13 16:41:00,A,BCN,BARCELONA,SPAIN,3,LANDED
LY,338,2024-03-13 16:50:00,2024-03-13 16:44:00,A,AMS,AMSTERDAM,NETHERLANDS,3,LANDED
SK,3150,2024-03-13 16:50:00,2024-03-13 16:44:00,A,AMS,AMSTERDAM,NETHERLANDS,3,LANDED
IZ,821,2024-03-13 16:30:00,2024-03-13 16:55:00,D,ETM,RAMON,ISRAEL,3,ON TIME
6H,841,2024-03-13 14:55:00,2024-03-13 16:58:00,D,RMO,CHISINAU,MOLDOVA,3,DEPARTED
LY,5205,2024-03-13 17:00:00,2024-03-13 17:00:00,D,BEG,BELGRADE,SERBIA,3,ON TIME
WZ,12,2024-03-13 17:00:00,2024-03-13 17:00:00,D,AER,SOCHI,RUSSIAN FEDERATION,3,ON TIME
LY,5109,2024-03-13 16:40:00,2024-03-13 17:02:00,D,TBS,TBILISI,GEORGIA,3,DEPARTED
IZ,161,2024-03-13 17:05:00,2024-03-13 17:05:00,D,LCA,LARNACA,CYPRUS,3,ON TIME
AM,7853,2024-03-13 16:50:00,2024-03-13 17:07:00,D,CDG,PARIS,FRANCE,3,DEPARTED
LY,325,2024-03-13 16:50:00,2024-03-13 17:07:00,D,CDG,PARIS,FRANCE,3,DEPARTED
AA,9258,2024-03-13 16:40:00,2024-03-13 17:09:00,A,CDG,PARIS,FRANCE,3,LANDING
LY,320,2024-03-13 16:40:00,2024-03-13 17:09:00,A,CDG,PARIS,FRANCE,3,LANDING
AM,7866,2024-03-13 17:10:00,2024-03-13 17:10:00,D,MAD,MADRID,SPAIN,3,ON TIME
AR,7873,2024-03-13 17:10:00,2024-03-13 17:10:00,D,MAD,MADRID,SPAIN,3,ON TIME
IB,2396,2024-03-13 17:10:00,2024-03-13 17:10:00,D,MAD,MADRID,SPAIN,3,ON TIME
LY,397,2024-03-13 17:10:00,2024-03-13 17:10:00,D,MAD,MADRID,SPAIN,3,ON TIME
LY,557,2024-03-13 17:10:00,2024-03-13 17:10:00,D,SOF,SOFIA,BULGARIA,3,ON TIME
LX,252,2024-03-13 17:10:00,2024-03-13 17:12:00,A,ZRH,ZURICH,SWITZERLAND,3,LANDING
BZ,462,2024-03-13 16:10:00,2024-03-13 17:13:00,D,PRG,PRAGUE,CZECH REPUBLIC,3,DEPARTED
AM,7877,2024-03-13 17:15:00,2024-03-13 17:15:00,D,LHR,LONDON,UNITED KINGDOM,3,ON TIME
LY,317,2024-03-13 17:15:00,2024-03-13 17:15:00,D,LHR,LONDON,UNITED KINGDOM,3,ON TIME
LY,351,2024-03-13 17:15:00,2024-03-13 17:15:00,D,MUC,MUNICH,GERMANY,3,ON TIME
6H,561,2024-03-13 16:40:00,2024-03-13 17:15:00,D,ATH,ATHENS,GREECE,3,DEPARTED
AF,963,2024-03-13 15:55:00,2024-03-13 17:20:00,D,CDG,PARIS,FRANCE,3,ON TIME
LY,83,2024-03-13 17:25:00,2024-03-13 17:25:00,D,BKK,BANGKOK,THAILAND,3,ON TIME
QF,5018,2024-03-13 17:25:00,2024-03-13 17:25:00,D,BKK,BANGKOK,THAILAND,3,ON TIME
TG,4586,2024-03-13 17:25:00,2024-03-13 17:25:00,D,BKK,BANGKOK,THAILAND,3,ON TIME
AA,9266,2024-03-13 17:50:00,2024-03-13 17:40:00,A,MAD,MADRID,SPAIN,3,FINAL
AM,7859,2024-03-13 17:50:00,2024-03-13 17:40:00,A,MAD,MADRID,SPAIN,3,FINAL
AR,7872,2024-03-13 17:50:00,2024-03-13 17:40:00,A,MAD,MADRID,SPAIN,3,FINAL
IB,2395,2024-03-13 17:50:00,2024-03-13 17:40:00,A,MAD,MADRID,SPAIN,3,FINAL
LY,396,2024-03-13 17:50:00,2024-03-13 17:40:00,A,MAD,MADRID,SPAIN,3,FINAL
LY,2523,2024-03-13 17:45:00,2024-03-13 17:45:00,D,PRG,PRAGUE,CZECH REPUBLIC,3,ON TIME
IB,2390,2024-03-13 17:50:00,2024-03-13 17:50:00,D,BCN,BARCELONA,SPAIN,3,ON TIME
LY,391,2024-03-13 17:50:00,2024-03-13 17:50:00,D,BCN,BARCELONA,SPAIN,3,ON TIME
AR,7879,2024-03-13 18:00:00,2024-03-13 18:00:00,D,FCO,ROME,ITALY,3,ON TIME
LY,383,2024-03-13 18:00:00,2024-03-13 18:00:00,D,FCO,ROME,ITALY,3,ON TIME
TP,8900,2024-03-13 18:00:00,2024-03-13 18:00:00,D,FCO,ROME,ITALY,3,ON TIME
LY,571,2024-03-13 18:05:00,2024-03-13 18:05:00,D,OTP,BUCHAREST,ROMANIA,3,ON TIME
LX,253,2024-03-13 18:20:00,2024-03-13 18:20:00,D,ZRH,ZURICH,SWITZERLAND,3,ON TIME
LY,2367,2024-03-13 18:50:00,2024-03-13 18:50:00,D,BUD,BUDAPEST,HUNGARY,3,ON TIME
LY,312,2024-03-13 18:40:00,2024-03-13 18:53:00,A,LTN,LONDON LUTON,UNITED KINGDOM,3,FINAL
IZ,822,2024-03-13 18:55:00,2024-03-13 18:55:00,A,ETM,RAMON,ISRAEL,3,NOT FINAL
LY,543,2024-03-13 19:15:00,2024-03-13 19:15:00,D,ATH,ATHENS,GREECE,3,ON TIME
IZ,827,2024-03-13 19:40:00,2024-03-13 19:40:00,D,ETM,RAMON,ISRAEL,3,ON TIME
LY,91,2024-03-13 19:40:00,2024-03-13 19:40:00,D,NRT,TOKYO,JAPAN,3,ON TIME
IZ,212,2024-03-13 19:50:00,2024-03-13 19:50:00,A,ATH,ATHENS,GREECE,3,CANCELED
AA,9259,2024-03-13 20:00:00,2024-03-13 19:54:00,A,CDG,PARIS,FRANCE,3,FINAL
AM,7862,2024-03-13 20:00:00,2024-03-13 19:54:00,A,CDG,PARIS,FRANCE,3,FINAL
LY,324,2024-03-13 20:00:00,2024-03-13 19:54:00,A,CDG,PARIS,FRANCE,3,FINAL
SK,3160,2024-03-13 20:00:00,2024-03-13 19:54:00,A,CDG,PARIS,FRANCE,3,FINAL
LY,5133,2024-03-13 20:00:00,2024-03-13 20:00:00,D,LCA,LARNACA,CYPRUS,3,ON TIME
IZ,162,2024-03-13 20:05:00,2024-03-13 20:05:00,A,LCA,LARNACA,CYPRUS,3,NOT FINAL
LY,81,2024-03-13 20:05:00,2024-03-13 20:05:00,D,BKK,BANGKOK,THAILAND,3,ON TIME
QF,5020,2024-03-13 20:05:00,2024-03-13 20:05:00,D,BKK,BANGKOK,THAILAND,3,ON TIME
TG,4584,2024-03-13 20:05:00,2024-03-13 20:05:00,D,BKK,BANGKOK,THAILAND,3,ON TIME
VN,3298,2024-03-13 20:05:00,2024-03-13 20:05:00,D,BKK,BANGKOK,THAILAND,3,ON TIME
LY,612,2024-03-13 20:55:00,2024-03-13 20:14:00,A,DME,MOSCOW,RUSSIAN FEDERATION,3,FINAL
S7,4483,2024-03-13 20:55:00,2024-03-13 20:14:00,A,DME,MOSCOW,RUSSIAN FEDERATION,3,FINAL
LY,5108,2024-03-13 20:20:00,2024-03-13 20:20:00,A,TBS,TBILISI,GEORGIA,3,NOT FINAL
IZ,212,2024-03-13 19:50:00,2024-03-13 20:27:00,A,ATH,ATHENS,GREECE,3,DELAYED
AA,9260,2024-03-13 21:05:00,2024-03-13 20:52:00,A,LHR,LONDON,UNITED KINGDOM,3,FINAL
LY,316,2024-03-13 21:05:00,2024-03-13 20:52:00,A,LHR,LONDON,UNITED KINGDOM,3,FINAL
LY,51,2024-03-13 21:00:00,2024-03-13 21:00:00,D,JNB,JOHANNESBURG,SOUTH AFRICA,3,ON TIME
QF,5024,2024-03-13 21:00:00,2024-03-13 21:00:00,D,JNB,JOHANNESBURG,SOUTH AFRICA,3,ON TIME
W9,4451,2024-03-13 21:05:00,2024-03-13 21:07:00,A,LTN,LONDON LUTON,UNITED KINGDOM,3,FINAL
LY,974,2024-03-13 21:40:00,2024-03-13 21:40:00,A,DXB,DUBAI,UNITED ARAB EMIRATES,3,NOT FINAL
IZ,828,2024-03-13 21:45:00,2024-03-13 21:45:00,A,ETM,RAMON,ISRAEL,3,NOT FINAL
6H,842,2024-03-13 21:50:00,2024-03-13 21:50:00,A,RMO,CHISINAU,MOLDOVA,3,NOT FINAL
W9,4452,2024-03-13 21:55:00,2024-03-13 21:55:00,D,LTN,LONDON LUTON,UNITED KINGDOM,3,ON TIME
6H,562,2024-03-13 21:55:00,2024-03-13 21:55:00,A,ATH,ATHENS,GREECE,3,NOT FINAL
6H,726,2024-03-13 22:10:00,2024-03-13 22:10:00,A,BUD,BUDAPEST,HUNGARY,3,NOT FINAL
H7,457,2024-03-13 22:30:00,2024-03-13 22:30:00,A,RMO,CHISINAU,MOLDOVA,3,NOT FINAL
LY,84,2024-03-13 22:50:00,2024-03-13 22:36:00,A,BKK,BANGKOK,THAILAND,3,FINAL
QF,5019,2024-03-13 22:50:00,2024-03-13 22:36:00,A,BKK,BANGKOK,THAILAND,3,FINAL
TG,4585,2024-03-13 22:50:00,2024-03-13 22:36:00,A,BKK,BANGKOK,THAILAND,3,FINAL
VN,3295,2024-03-13 22:50:00,2024-03-13 22:36:00,A,BKK,BANGKOK,THAILAND,3,FINAL
LY,5110,2024-03-13 23:00:00,2024-03-13 23:00:00,A,TBS,TBILISI,GEORGIA,3,NOT FINAL
LY,5134,2024-03-13 23:10:00,2024-03-13 23:10:00,A,LCA,LARNACA,CYPRUS,3,NOT FINAL
RO,155,2024-03-13 23:20:00,2024-03-13 23:20:00,A,OTP,BUCHAREST,ROMANIA,3,NOT FINAL
6H,768,2024-03-13 23:20:00,2024-03-13 23:20:00,A,PRG,PRAGUE,CZECH REPUBLIC,3,NOT FINAL
H7,458,2024-03-13 23:30:00,2024-03-13 23:30:00,D,RMO,CHISINAU,MOLDOVA,3,ON TIME
LY,558,2024-03-13 23:30:00,2024-03-13 23:30:00,A,SOF,SOFIA,BULGARIA,3,NOT FINAL
B6,6481,2024-03-14 00:05:00,2024-03-14 00:05:00,D,EWR,NEWARK,UNITED STATES,3,ON TIME
DL,7441,2024-03-14 00:05:00,2024-03-14 00:05:00,D,EWR,NEWARK,UNITED STATES,3,ON TIME
LY,25,2024-03-14 00:05:00,2024-03-14 00:05:00,D,EWR,NEWARK,UNITED STATES,3,ON TIME
LY,328,2024-03-14 00:10:00,2024-03-14 00:10:00,A,CDG,PARIS,FRANCE,3,NOT FINAL
SK,3162,2024-03-14 00:10:00,2024-03-14 00:10:00,A,CDG,PARIS,FRANCE,3,NOT FINAL
RO,156,2024-03-14 00:20:00,2024-03-14 00:20:00,D,OTP,BUCHAREST,ROMANIA,3,ON TIME
LY,544,2024-03-14 00:25:00,2024-03-14 00:25:00,A,ATH,ATHENS,GREECE,3,NOT FINAL
ET,404,2024-03-14 00:35:00,2024-03-14 00:35:00,A,ADD,ADDIS ABABA,ETHIOPIA,3,NOT FINAL
IZ,512,2024-03-14 00:35:00,2024-03-14 00:35:00,A,AMS,AMSTERDAM,NETHERLANDS,3,NOT FINAL
LY,572,2024-03-14 00:35:00,2024-03-14 00:35:00,A,OTP,BUCHAREST,ROMANIA,3,NOT FINAL
LY,8804,2024-03-14 00:35:00,2024-03-14 00:35:00,A,ADD,ADDIS ABABA,ETHIOPIA,3,NOT FINAL
AM,7869,2024-03-14 00:45:00,2024-03-14 00:45:00,D,JFK,NEW YORK,UNITED STATES,3,ON TIME
AR,7853,2024-03-14 00:45:00,2024-03-14 00:45:00,D,JFK,NEW YORK,UNITED STATES,3,ON TIME
B6,6451,2024-03-14 00:45:00,2024-03-14 00:45:00,D,JFK,NEW YORK,UNITED STATES,3,ON TIME
DL,7424,2024-03-14 00:45:00,2024-03-14 00:45:00,D,JFK,NEW YORK,UNITED STATES,3,ON TIME
LY,1,2024-03-14 00:45:00,2024-03-14 00:45:00,D,JFK,NEW YORK,UNITED STATES,3,ON TIME
AM,7875,2024-03-14 00:50:00,2024-03-14 00:50:00,D,LAX,LOS ANGELES,UNITED STATES,3,ON TIME
B6,6461,2024-03-14 00:50:00,2024-03-14 00:50:00,D,LAX,LOS ANGELES,UNITED STATES,3,ON TIME
DL,7428,2024-03-14 00:50:00,2024-03-14 00:50:00,D,LAX,LOS ANGELES,UNITED STATES,3,ON TIME
LY,5,2024-03-14 00:50:00,2024-03-14 00:50:00,D,LAX,LOS ANGELES,UNITED STATES,3,ON TIME
LY,344,2024-03-14 00:50:00,2024-03-14 00:50:00,A,ZRH,ZURICH,SWITZERLAND,3,NOT FINAL
SK,3190,2024-03-14 00:50:00,2024-03-14 00:50:00,A,ZRH,ZURICH,SWITZERLAND,3,NOT FINAL
BZ,461,2024-03-14 00:55:00,2024-03-14 00:55:00,A,PRG,PRAGUE,CZECH REPUBLIC,3,NOT FINAL
AR,7851,2024-03-14 01:00:00,2024-03-14 01:00:00,D,MIA,MIAMI,UNITED STATES,3,ON TIME
B6,6467,2024-03-14 01:00:00,2024-03-14 01:00:00,D,MIA,MIAMI,UNITED STATES,3,ON TIME
DL,7437,2024-03-14 01:00:00,2024-03-14 01:00:00,D,MIA,MIAMI,UNITED STATES,3,ON TIME
LY,17,2024-03-14 01:00:00,2024-03-14 01:00:00,D,MIA,MIAMI,UNITED STATES,3,ON TIME
B6,6465,2024-03-14 01:05:00,2024-03-14 01:05:00,D,BOS,BOSTON,UNITED STATES,3,ON TIME
DL,7435,2024-03-14 01:05:00,2024-03-14 01:05:00,D,BOS,BOSTON,UNITED STATES,3,ON TIME
LY,15,2024-03-14 01:05:00,2024-03-14 01:05:00,D,BOS,BOSTON,UNITED STATES,3,ON TIME
ET,405,2024-03-14 01:30:00,2024-03-14 01:30:00,D,ADD,ADDIS ABABA,ETHIOPIA,3,ON TIME
LY,388,2024-03-14 01:30:00,2024-03-14 01:30:00,A,MXP,MILAN,ITALY,3,NOT FINAL
LY,8807,2024-03-14 01:30:00,2024-03-14 01:30:00,D,ADD,ADDIS ABABA,ETHIOPIA,3,ON TIME
SK,3180,2024-03-14 01:30:00,2024-03-14 01:30:00,A,MXP,MILAN,ITALY,3,NOT FINAL
TP,8901,2024-03-14 01:30:00,2024-03-14 01:30:00,A,MXP,MILAN,ITALY,3,NOT FINAL
AA,387,2024-03-14 02:15:00,2024-03-14 02:15:00,A,FCO,ROME,ITALY,3,NOT FINAL
AR,7874,2024-03-14 02:15:00,2024-03-14 02:15:00,A,FCO,ROME,ITALY,3,NOT FINAL
LY,384,2024-03-14 02:15:00,2024-03-14 02:15:00,A,FCO,ROME,ITALY,3,NOT FINAL
SK,3166,2024-03-14 02:15:00,2024-03-14 02:15:00,A,FCO,ROME,ITALY,3,NOT FINAL
TP,8897,2024-03-14 02:15:00,2024-03-14 02:15:00,A,FCO,ROME,ITALY,3,NOT FINAL
LY,352,2024-03-14 02:20:00,2024-03-14 02:20:00,A,MUC,MUNICH,GERMANY,3,NOT FINAL
SK,3178,2024-03-14 02:20:00,2024-03-14 02:20:00,A,MUC,MUNICH,GERMANY,3,NOT FINAL
LY,376,2024-03-14 02:30:00,2024-03-14 02:30:00,A,LIS,LISBON,PORTUGAL,3,NOT FINAL
TP,8913,2024-03-14 02:30:00,2024-03-14 02:30:00,A,LIS,LISBON,PORTUGAL,3,NOT FINAL
LY,2360,2024-03-14 02:40:00,2024-03-14 02:40:00,A,BUD,BUDAPEST,HUNGARY,3,NOT FINAL
LY,2524,2024-03-14 02:45:00,2024-03-14 02:45:00,A,PRG,PRAGUE,CZECH REPUBLIC,3,NOT FINAL
AM,7850,2024-03-14 02:55:00,2024-03-14 02:55:00,A,AMS,AMSTERDAM,NETHERLANDS,3,NOT FINAL
LY,336,2024-03-14 02:55:00,2024-03-14 02:55:00,A,AMS,AMSTERDAM,NETHERLANDS,3,NOT FINAL
SK,3152,2024-03-14 02:55:00,2024-03-14 02:55:00,A,AMS,AMSTERDAM,NETHERLANDS,3,NOT FINAL
A3,928,2024-03-14 03:00:00,2024-03-14 03:00:00,A,ATH,ATHENS,GREECE,3,NOT FINAL
FB,1528,2024-03-14 03:00:00,2024-03-14 03:00:00,A,ATH,ATHENS,GREECE,3,NOT FINAL
OS,859,2024-03-14 03:35:00,2024-03-14 03:35:00,A,VIE,VIENNA,AUSTRIA,3,NOT FINAL
LO,151,2024-03-14 03:45:00,2024-03-14 03:45:00,A,WAW,WARSAW,POLAND,3,NOT FINAL
LY,9256,2024-03-14 03:45:00,2024-03-14 03:45:00,A,WAW,WARSAW,POLAND,3,NOT FINAL
AM,7854,2024-03-14 03:55:00,2024-03-14 03:55:00,A,CDG,PARIS,FRANCE,3,NOT FINAL
LY,326,2024-03-14 03:55:00,2024-03-14 03:55:00,A,CDG,PARIS,FRANCE,3,NOT FINAL
SK,3158,2024-03-14 03:55:00,2024-03-14 03:55:00,A,CDG,PARIS,FRANCE,3,NOT FINAL
IB,2391,2024-03-14 04:00:00,2024-03-14 04:00:00,A,BCN,BARCELONA,SPAIN,3,NOT FINAL
LY,392,2024-03-14 04:00:00,2024-03-14 04:00:00,A,BCN,BARCELONA,SPAIN,3,NOT FINAL
AM,7878,2024-03-14 04:25:00,2024-03-14 04:25:00,A,MAD,MADRID,SPAIN,3,NOT FINAL
AR,7870,2024-03-14 04:25:00,2024-03-14 04:25:00,A,MAD,MADRID,SPAIN,3,NOT FINAL
IB,2397,2024-03-14 04:25:00,2024-03-14 04:25:00,A,MAD,MADRID,SPAIN,3,NOT FINAL
LY,398,2024-03-14 04:25:00,2024-03-14 04:25:00,A,MAD,MADRID,SPAIN,3,NOT FINAL
QS,1286,2024-03-14 04:35:00,2024-03-14 04:35:00,A,PRG,PRAGUE,CZECH REPUBLIC,3,NOT FINAL
AA,9267,2024-03-14 05:05:00,2024-03-14 05:05:00,A,LHR,LONDON,UNITED KINGDOM,3,NOT FINAL
AM,7876,2024-03-14 05:05:00,2024-03-14 05:05:00,A,LHR,LONDON,UNITED KINGDOM,3,NOT FINAL
BZ,251,2024-03-14 05:05:00,2024-03-14 05:05:00,A,BCN,BARCELONA,SPAIN,3,NOT FINAL
LY,318,2024-03-14 05:05:00,2024-03-14 05:05:00,A,LHR,LONDON,UNITED KINGDOM,3,NOT FINAL
SK,3174,2024-03-14 05:05:00,2024-03-14 05:05:00,A,LHR,LONDON,UNITED KINGDOM,3,NOT FINAL
A3,929,2024-03-14 05:15:00,2024-03-14 05:15:00,D,ATH,ATHENS,GREECE,3,ON TIME
FB,1529,2024-03-14 05:15:00,2024-03-14 05:15:00,D,ATH,ATHENS,GREECE,3,ON TIME
IZ,302,2024-03-14 05:15:00,2024-03-14 05:15:00,A,VNO,VILNIUS,LITHUANIA,3,NOT FINAL
JU,7623,2024-03-14 05:15:00,2024-03-14 05:15:00,D,ATH,ATHENS,GREECE,3,ON TIME
LO,152,2024-03-14 05:20:00,2024-03-14 05:20:00,D,WAW,WARSAW,POLAND,3,ON TIME
LY,551,2024-03-14 05:20:00,2024-03-14 05:20:00,D,SOF,SOFIA,BULGARIA,3,ON TIME
LY,9255,2024-03-14 05:20:00,2024-03-14 05:20:00,D,WAW,WARSAW,POLAND,3,ON TIME
NH,5620,2024-03-14 05:20:00,2024-03-14 05:20:00,D,VIE,VIENNA,AUSTRIA,3,ON TIME
OS,860,2024-03-14 05:20:00,2024-03-14 05:20:00,D,VIE,VIENNA,AUSTRIA,3,ON TIME
AA,9262,2024-03-14 05:30:00,2024-03-14 05:30:00,D,CDG,PARIS,FRANCE,3,ON TIME
AM,7867,2024-03-14 05:30:00,2024-03-14 05:30:00,D,CDG,PARIS,FRANCE,3,ON TIME
LY,311,2024-03-14 05:30:00,2024-03-14 05:30:00,D,LTN,LONDON LUTON,UNITED KINGDOM,3,ON TIME
LY,319,2024-03-14 05:30:00,2024-03-14 05:30:00,D,CDG,PARIS,FRANCE,3,ON TIME
SK,3161,2024-03-14 05:30:00,2024-03-14 05:30:00,D,CDG,PARIS,FRANCE,3,ON TIME
QS,1287,2024-03-14 05:35:00,2024-03-14 05:35:00,D,PRG,PRAGUE,CZECH REPUBLIC,3,ON TIME
LY,347,2024-03-14 05:45:00,2024-03-14 05:45:00,D,ZRH,ZURICH,SWITZERLAND,3,ON TIME
SK,3189,2024-03-14 05:45:00,2024-03-14 05:45:00,D,ZRH,ZURICH,SWITZERLAND,3,ON TIME
LY,4,2024-03-14 05:50:00,2024-03-14 05:50:00,A,JFK,NEW YORK,UNITED STATES,3,NOT FINAL
AM,7864,2024-03-14 05:55:00,2024-03-14 05:55:00,D,AMS,AMSTERDAM,NETHERLANDS,3,ON TIME
LY,2371,2024-03-14 05:55:00,2024-03-14 05:55:00,D,BER,BERLIN,GERMANY,3,ON TIME
LY,337,2024-03-14 05:55:00,2024-03-14 05:55:00,D,AMS,AMSTERDAM,NETHERLANDS,3,ON TIME
SK,3155,2024-03-14 05:55:00,2024-03-14 05:55:00,D,AMS,AMSTERDAM,NETHERLANDS,3,ON TIME
SK,3157,2024-03-14 05:55:00,2024-03-14 05:55:00,D,BER,BERLIN,GERMANY,3,ON TIME
AR,7877,2024-03-14 06:10:00,2024-03-14 06:10:00,D,FCO,ROME,ITALY,3,ON TIME
LY,345,2024-03-14 06:10:00,2024-03-14 06:10:00,D,GVA,GENEVA,SWITZERLAND,3,ON TIME
LY,385,2024-03-14 06:10:00,2024-03-14 06:10:00,D,FCO,ROME,ITALY,3,ON TIME
LY,971,2024-03-14 06:10:00,2024-03-14 06:10:00,D,DXB,DUBAI,UNITED ARAB EMIRATES,3,ON TIME
SK,3167,2024-03-14 06:10:00,2024-03-14 06:10:00,D,FCO,ROME,ITALY,3,ON TIME
TP,8898,2024-03-14 06:10:00,2024-03-14 06:10:00,D,FCO,ROME,ITALY,3,ON TIME
AA,9265,2024-03-14 06:15:00,2024-03-14 06:15:00,D,MAD,MADRID,SPAIN,3,ON TIME
AM,7879,2024-03-14 06:15:00,2024-03-14 06:15:00,D,MAD,MADRID,SPAIN,3,ON TIME
AR,7871,2024-03-14 06:15:00,2024-03-14 06:15:00,D,MAD,MADRID,SPAIN,3,ON TIME
IB,2394,2024-03-14 06:15:00,2024-03-14 06:15:00,D,MAD,MADRID,SPAIN,3,ON TIME
LY,82,2024-03-14 06:15:00,2024-03-14 06:15:00,A,BKK,BANGKOK,THAILAND,3,NOT FINAL
LY,395,2024-03-14 06:15:00,2024-03-14 06:15:00,D,MAD,MADRID,SPAIN,3,ON TIME
QF,5021,2024-03-14 06:15:00,2024-03-14 06:15:00,A,BKK,BANGKOK,THAILAND,3,NOT FINAL
TG,5483,2024-03-14 06:15:00,2024-03-14 06:15:00,A,BKK,BANGKOK,THAILAND,3,NOT FINAL
VN,3299,2024-03-14 06:15:00,2024-03-14 06:15:00,A,BKK,BANGKOK,THAILAND,3,NOT FINAL
IB,2392,2024-03-14 06:30:00,2024-03-14 06:30:00,D,BCN,BARCELONA,SPAIN,3,ON TIME
LY,361,2024-03-14 06:30:00,2024-03-14 06:30:00,D,VIE,VIENNA,AUSTRIA,3,ON TIME
LY,393,2024-03-14 06:30:00,2024-03-14 06:30:00,D,BCN,BARCELONA,SPAIN,3,ON TIME
AR,7850,2024-03-14 06:45:00,2024-03-14 06:45:00,A,MIA,MIAMI,UNITED STATES,3,NOT FINAL
B6,6468,2024-03-14 06:45:00,2024-03-14 06:45:00,A,MIA,MIAMI,UNITED STATES,3,NOT FINAL
DL,7438,2024-03-14 06:45:00,2024-03-14 06:45:00,A,MIA,MIAMI,UNITED STATES,3,NOT FINAL
LY,18,2024-03-14 06:45:00,2024-03-14 06:45:00,A,MIA,MIAMI,UNITED STATES,3,NOT FINAL
IZ,104,2024-03-14 06:50:00,2024-03-14 06:50:00,A,VNO,VILNIUS,LITHUANIA,3,NOT FINAL
LY,381,2024-03-14 06:50:00,2024-03-14 06:50:00,D,MXP,MILAN,ITALY,3,ON TIME
LY,541,2024-03-14 06:50:00,2024-03-14 06:50:00,D,ATH,ATHENS,GREECE,3,ON TIME
LY,573,2024-03-14 06:50:00,2024-03-14 06:50:00,D,OTP,BUCHAREST,ROMANIA,3,ON TIME
SK,3185,2024-03-14 06:50:00,2024-03-14 06:50:00,D,MXP,MILAN,ITALY,3,ON TIME
TP,8910,2024-03-14 06:50:00,2024-03-14 06:50:00,D,MXP,MILAN,ITALY,3,ON TIME
BZ,112,2024-03-14 06:55:00,2024-03-14 06:55:00,D,LCA,LARNACA,CYPRUS,3,ON TIME
IZ,415,2024-03-14 07:00:00,2024-03-14 07:00:00,D,BUS,BATUMI,GEORGIA,3,ON TIME
IZ,801,2024-03-14 07:00:00,2024-03-14 07:00:00,D,ETM,RAMON,ISRAEL,3,ON TIME
6H,883,2024-03-14 07:00:00,2024-03-14 07:00:00,D,BUS,BATUMI,GEORGIA,3,ON TIME
BZ,442,2024-03-14 07:05:00,2024-03-14 07:05:00,D,BUD,BUDAPEST,HUNGARY,3,ON TIME
LY,2365,2024-03-14 07:05:00,2024-03-14 07:05:00,D,BUD,BUDAPEST,HUNGARY,3,ON TIME
LY,24,2024-03-14 07:20:00,2024-03-14 07:20:00,A,EWR,NEWARK,UNITED STATES,3,NOT FINAL
6H,661,2024-03-14 07:20:00,2024-03-14 07:20:00,D,DXB,DUBAI,UNITED ARAB EMIRATES,3,ON TIME
LY,2521,2024-03-14 07:25:00,2024-03-14 07:25:00,D,PRG,PRAGUE,CZECH REPUBLIC,3,ON TIME
LY,5101,2024-03-14 07:30:00,2024-03-14 07:30:00,D,WAW,WARSAW,POLAND,3,ON TIME
6H,41,2024-03-14 07:30:00,2024-03-14 07:30:00,D,ETM,RAMON,ISRAEL,3,ON TIME
LY,1027,2024-03-14 07:50:00,2024-03-14 07:50:00,D,EWR,NEWARK,UNITED STATES,3,ON TIME
CY,110,2024-03-14 08:00:00,2024-03-14 08:00:00,A,LCA,LARNACA,CYPRUS,3,NOT FINAL
EK,2369,2024-03-14 08:05:00,2024-03-14 08:05:00,A,DXB,DUBAI,UNITED ARAB EMIRATES,3,NOT FINAL
FZ,1549,2024-03-14 08:05:00,2024-03-14 08:05:00,A,DXB,DUBAI,UNITED ARAB EMIRATES,3,NOT FINAL
6H,225,2024-03-14 08:10:00,2024-03-14 08:10:00,D,RVN,ROVANIEMI,FINLAND,3,ON TIME
AM,7885,2024-03-14 08:20:00,2024-03-14 08:20:00,D,CDG,PARIS,FRANCE,3,ON TIME
IZ,105,2024-03-14 08:20:00,2024-03-14 08:20:00,D,BEG,BELGRADE,SERBIA,3,ON TIME
LY,323,2024-03-14 08:20:00,2024-03-14 08:20:00,D,CDG,PARIS,FRANCE,3,ON TIME
LY,611,2024-03-14 08:20:00,2024-03-14 08:20:00,D,DME,MOSCOW,RUSSIAN FEDERATION,3,ON TIME
SK,3163,2024-03-14 08:20:00,2024-03-14 08:20:00,D,CDG,PARIS,FRANCE,3,ON TIME
S7,4482,2024-03-14 08:20:00,2024-03-14 08:20:00,D,DME,MOSCOW,RUSSIAN FEDERATION,3,ON TIME
UA,84,2024-03-14 08:20:00,2024-03-14 08:20:00,A,EWR,NEWARK,UNITED STATES,3,NOT FINAL
W4,3257,2024-03-14 08:30:00,2024-03-14 08:30:00,A,OTP,BUCHAREST,ROMANIA,3,NOT FINAL
LY,5141,2024-03-14 08:35:00,2024-03-14 08:35:00,D,LCA,LARNACA,CYPRUS,3,ON TIME
B6,6484,2024-03-14 08:50:00,2024-03-14 08:50:00,A,EWR,NEWARK,UNITED STATES,3,NOT FINAL
DL,7444,2024-03-14 08:50:00,2024-03-14 08:50:00,A,EWR,NEWARK,UNITED STATES,3,NOT FINAL
LY,28,2024-03-14 08:50:00,2024-03-14 08:50:00,A,EWR,NEWARK,UNITED STATES,3,NOT FINAL
CY,111,2024-03-14 09:00:00,2024-03-14 09:00:00,D,LCA,LARNACA,CYPRUS,3,ON TIME
IZ,211,2024-03-14 09:05:00,2024-03-14 09:05:00,D,ATH,ATHENS,GREECE,3,ON TIME
AA,9261,2024-03-14 09:15:00,2024-03-14 09:15:00,D,LHR,LONDON,UNITED KINGDOM,3,ON TIME
AM,7863,2024-03-14 09:15:00,2024-03-14 09:15:00,D,LHR,LONDON,UNITED KINGDOM,3,ON TIME
LY,315,2024-03-14 09:15:00,2024-03-14 09:15:00,D,LHR,LONDON,UNITED KINGDOM,3,ON TIME
SK,3181,2024-03-14 09:15:00,2024-03-14 09:15:00,D,LHR,LONDON,UNITED KINGDOM,3,ON TIME
EK,2370,2024-03-14 09:20:00,2024-03-14 09:20:00,D,DXB,DUBAI,UNITED ARAB EMIRATES,3,ON TIME
FZ,1550,2024-03-14 09:20:00,2024-03-14 09:20:00,D,DXB,DUBAI,UNITED ARAB EMIRATES,3,ON TIME
LY,9,2024-03-14 09:20:00,2024-03-14 09:20:00,D,JFK,NEW YORK,UNITED STATES,3,ON TIME
IZ,802,2024-03-14 09:25:00,2024-03-14 09:25:00,A,ETM,RAMON,ISRAEL,3,NOT FINAL
W4,3258,2024-03-14 09:25:00,2024-03-14 09:25:00,D,OTP,BUCHAREST,ROMANIA,3,ON TIME
EK,2450,2024-03-14 09:30:00,2024-03-14 09:30:00,A,DXB,DUBAI,UNITED ARAB EMIRATES,3,NOT FINAL
FZ,1081,2024-03-14 09:30:00,2024-03-14 09:30:00,A,DXB,DUBAI,UNITED ARAB EMIRATES,3,NOT FINAL
IZ,807,2024-03-14 09:40:00,2024-03-14 09:40:00,D,ETM,RAMON,ISRAEL,3,ON TIME
6H,42,2024-03-14 10:00:00,2024-03-14 10:00:00,A,ETM,RAMON,ISRAEL,3,NOT FINAL
AM,7868,2024-03-14 10:20:00,2024-03-14 10:20:00,A,JFK,NEW YORK,UNITED STATES,3,NOT FINAL
AR,7852,2024-03-14 10:20:00,2024-03-14 10:20:00,A,JFK,NEW YORK,UNITED STATES,3,NOT FINAL
B6,6450,2024-03-14 10:20:00,2024-03-14 10:20:00,A,JFK,NEW YORK,UNITED STATES,3,NOT FINAL
DL,7425,2024-03-14 10:20:00,2024-03-14 10:20:00,A,JFK,NEW YORK,UNITED STATES,3,NOT FINAL
LY,2,2024-03-14 10:20:00,2024-03-14 10:20:00,A,JFK,NEW YORK,UNITED STATES,3,NOT FINAL
UA,85,2024-03-14 10:30:00,2024-03-14 10:30:00,D,EWR,NEWARK,UNITED STATES,3,ON TIME
HY,301,2024-03-14 10:35:00,2024-03-14 10:35:00,A,TAS,TASHKENT,UZBEKISTAN,3,NOT FINAL
IZ,2823,2024-03-14 10:40:00,2024-03-14 10:40:00,D,ETM,RAMON,ISRAEL,3,ON TIME
EK,2451,2024-03-14 10:45:00,2024-03-14 10:45:00,D,DXB,DUBAI,UNITED ARAB EMIRATES,3,ON TIME
FZ,1082,2024-03-14 10:45:00,2024-03-14 10:45:00,D,DXB,DUBAI,UNITED ARAB EMIRATES,3,ON TIME
W6,5097,2024-03-14 11:15:00,2024-03-14 11:15:00,A,KRK,KRAKOW,POLAND,3,NOT FINAL
6H,725,2024-03-14 11:15:00,2024-03-14 11:15:00,D,BUD,BUDAPEST,HUNGARY,3,ON TIME
BZ,701,2024-03-14 11:20:00,2024-03-14 11:20:00,A,ATH,ATHENS,GREECE,3,NOT FINAL
WZ,19,2024-03-14 11:25:00,2024-03-14 11:25:00,A,DME,MOSCOW,RUSSIAN FEDERATION,3,NOT FINAL
BZ,111,2024-03-14 11:35:00,2024-03-14 11:35:00,A,LCA,LARNACA,CYPRUS,3,NOT FINAL
EK,2363,2024-03-14 11:40:00,2024-03-14 11:40:00,A,DXB,DUBAI,UNITED ARAB EMIRATES,3,NOT FINAL
FZ,1211,2024-03-14 11:40:00,2024-03-14 11:40:00,A,DXB,DUBAI,UNITED ARAB EMIRATES,3,NOT FINAL
LY,552,2024-03-14 11:40:00,2024-03-14 11:40:00,A,SOF,SOFIA,BULGARIA,3,NOT FINAL
IZ,161,2024-03-14 11:45:00,2024-03-14 11:45:00,D,LCA,LARNACA,CYPRUS,3,ON TIME
LY,5142,2024-03-14 11:45:00,2024-03-14 11:45:00,A,LCA,LARNACA,CYPRUS,3,NOT FINAL
LY,613,2024-03-14 11:45:00,2024-03-14 11:45:00,D,DME,MOSCOW,RUSSIAN FEDERATION,3,ON TIME
S7,4484,2024-03-14 11:45:00,2024-03-14 11:45:00,D,DME,MOSCOW,RUSSIAN FEDERATION,3,ON TIME
A3,926,2024-03-14 12:00:00,2024-03-14 12:00:00,A,ATH,ATHENS,GREECE,3,NOT FINAL
JU,7620,2024-03-14 12:00:00,2024-03-14 12:00:00,A,ATH,ATHENS,GREECE,3,NOT FINAL
IZ,808,2024-03-14 12:05:00,2024-03-14 12:05:00,A,ETM,RAMON,ISRAEL,3,NOT FINAL
LY,542,2024-03-14 12:05:00,2024-03-14 12:05:00,A,ATH,ATHENS,GREECE,3,NOT FINAL
W6,5098,2024-03-14 12:10:00,2024-03-14 12:10:00,D,KRK,KRAKOW,POLAND,3,ON TIME
BZ,702,2024-03-14 12:15:00,2024-03-14 12:15:00,D,ATH,ATHENS,GREECE,3,ON TIME
LY,973,2024-03-14 12:25:00,2024-03-14 12:25:00,D,DXB,DUBAI,UNITED ARAB EMIRATES,3,ON TIME
BZ,252,2024-03-14 12:30:00,2024-03-14 12:30:00,D,BCN,BARCELONA,SPAIN,3,ON TIME
HY,302,2024-03-14 12:35:00,2024-03-14 12:35:00,D,TAS,TASHKENT,UZBEKISTAN,3,ON TIME
WZ,20,2024-03-14 12:45:00,2024-03-14 12:45:00,D,DME,MOSCOW,RUSSIAN FEDERATION,3,ON TIME
6H,884,2024-03-14 12:45:00,2024-03-14 12:45:00,A,BUS,BATUMI,GEORGIA,3,NOT FINAL
A3,927,2024-03-14 12:50:00,2024-03-14 12:50:00,D,ATH,ATHENS,GREECE,3,ON TIME
EK,4978,2024-03-14 12:50:00,2024-03-14 12:50:00,D,ATH,ATHENS,GREECE,3,ON TIME
FB,1514,2024-03-14 12:50:00,2024-03-14 12:50:00,D,ATH,ATHENS,GREECE,3,ON TIME
JU,7621,2024-03-14 12:50:00,2024-03-14 12:50:00,D,ATH,ATHENS,GREECE,3,ON TIME
EK,2364,2024-03-14 12:55:00,2024-03-14 12:55:00,D,DXB,DUBAI,UNITED ARAB EMIRATES,3,ON TIME
FZ,1212,2024-03-14 12:55:00,2024-03-14 12:55:00,D,DXB,DUBAI,UNITED ARAB EMIRATES,3,ON TIME
AM,7871,2024-03-14 13:00:00,2024-03-14 13:00:00,D,JFK,NEW YORK,UNITED STATES,3,ON TIME
AR,7855,2024-03-14 13:00:00,2024-03-14 13:00:00,D,JFK,NEW YORK,UNITED STATES,3,ON TIME
A4,5025,2024-03-14 13:00:00,2024-03-14 13:00:00,A,AER,SOCHI,RUSSIAN FEDERATION,3,NOT FINAL
B6,6455,2024-03-14 13:00:00,2024-03-14 13:00:00,D,JFK,NEW YORK,UNITED STATES,3,ON TIME
DL,7430,2024-03-14 13:00:00,2024-03-14 13:00:00,D,JFK,NEW YORK,UNITED STATES,3,ON TIME
IZ,414,2024-03-14 13:00:00,2024-03-14 13:00:00,A,BUS,BATUMI,GEORGIA,3,NOT FINAL
LY,7,2024-03-14 13:00:00,2024-03-14 13:00:00,D,JFK,NEW YORK,UNITED STATES,3,ON TIME
EK,2345,2024-03-14 13:05:00,2024-03-14 13:05:00,A,DXB,DUBAI,UNITED ARAB EMIRATES,3,NOT FINAL
FZ,1125,2024-03-14 13:05:00,2024-03-14 13:05:00,A,DXB,DUBAI,UNITED ARAB EMIRATES,3,NOT FINAL
LY,5107,2024-03-14 13:05:00,2024-03-14 13:05:00,D,TBS,TBILISI,GEORGIA,3,ON TIME
IZ,815,2024-03-14 13:10:00,2024-03-14 13:10:00,D,ETM,RAMON,ISRAEL,3,ON TIME
LY,327,2024-03-14 13:20:00,2024-03-14 13:20:00,D,CDG,PARIS,FRANCE,3,ON TIME
SK,3159,2024-03-14 13:20:00,2024-03-14 13:20:00,D,CDG,PARIS,FRANCE,3,ON TIME
LY,574,2024-03-14 13:25:00,2024-03-14 13:25:00,A,OTP,BUCHAREST,ROMANIA,3,NOT FINAL
ET,418,2024-03-14 13:35:00,2024-03-14 13:35:00,A,ADD,ADDIS ABABA,ETHIOPIA,3,NOT FINAL
LY,8808,2024-03-14 13:35:00,2024-03-14 13:35:00,A,ADD,ADDIS ABABA,ETHIOPIA,3,NOT FINAL
LY,375,2024-03-14 13:40:00,2024-03-14 13:40:00,D,LIS,LISBON,PORTUGAL,3,ON TIME
TP,8920,2024-03-14 13:40:00,2024-03-14 13:40:00,D,LIS,LISBON,PORTUGAL,3,ON TIME
IZ,2824,2024-03-14 13:45:00,2024-03-14 13:45:00,A,ETM,RAMON,ISRAEL,3,NOT FINAL
6H,47,2024-03-14 13:45:00,2024-03-14 13:45:00,D,ETM,RAMON,ISRAEL,3,ON TIME
AM,7874,2024-03-14 13:50:00,2024-03-14 13:50:00,A,LAX,LOS ANGELES,UNITED STATES,3,NOT FINAL
B6,6462,2024-03-14 13:50:00,2024-03-14 13:50:00,A,LAX,LOS ANGELES,UNITED STATES,3,NOT FINAL
DL,7429,2024-03-14 13:50:00,2024-03-14 13:50:00,A,LAX,LOS ANGELES,UNITED STATES,3,NOT FINAL
LY,6,2024-03-14 13:50:00,2024-03-14 13:50:00,A,LAX,LOS ANGELES,UNITED STATES,3,NOT FINAL
A4,5026,2024-03-14 14:00:00,2024-03-14 14:00:00,D,AER,SOCHI,RUSSIAN FEDERATION,3,ON TIME
AF,962,2024-03-14 14:05:00,2024-03-14 14:05:00,A,CDG,PARIS,FRANCE,3,NOT FINAL
DL,8457,2024-03-14 14:05:00,2024-03-14 14:05:00,A,CDG,PARIS,FRANCE,3,NOT FINAL
AZ,806,2024-03-14 14:20:00,2024-03-14 14:20:00,A,FCO,ROME,ITALY,3,NOT FINAL
B6,6482,2024-03-14 14:20:00,2024-03-14 14:20:00,A,EWR,NEWARK,UNITED STATES,3,NOT FINAL
DL,7442,2024-03-14 14:20:00,2024-03-14 14:20:00,A,EWR,NEWARK,UNITED STATES,3,NOT FINAL
EK,2346,2024-03-14 14:20:00,2024-03-14 14:20:00,D,DXB,DUBAI,UNITED ARAB EMIRATES,3,ON TIME
FZ,1126,2024-03-14 14:20:00,2024-03-14 14:20:00,D,DXB,DUBAI,UNITED ARAB EMIRATES,3,ON TIME
JU,7378,2024-03-14 14:20:00,2024-03-14 14:20:00,A,FCO,ROME,ITALY,3,NOT FINAL
LY,26,2024-03-14 14:20:00,2024-03-14 14:20:00,A,EWR,NEWARK,UNITED STATES,3,NOT FINAL
UX,1301,2024-03-14 14:20:00,2024-03-14 14:20:00,A,MAD,MADRID,SPAIN,3,NOT FINAL
TO,3452,2024-03-14 14:25:00,2024-03-14 14:25:00,A,ORY,PARIS,FRANCE,3,NOT FINAL
AR,7876,2024-03-14 14:30:00,2024-03-14 14:30:00,A,FCO,ROME,ITALY,3,NOT FINAL
LY,386,2024-03-14 14:30:00,2024-03-14 14:30:00,A,FCO,ROME,ITALY,3,NOT FINAL
ET,419,2024-03-14 14:35:00,2024-03-14 14:35:00,D,ADD,ADDIS ABABA,ETHIOPIA,3,ON TIME
LY,355,2024-03-14 14:35:00,2024-03-14 14:35:00,D,FRA,FRANKFURT,GERMANY,3,ON TIME
LY,8809,2024-03-14 14:35:00,2024-03-14 14:35:00,D,ADD,ADDIS ABABA,ETHIOPIA,3,ON TIME
SK,3179,2024-03-14 14:35:00,2024-03-14 14:35:00,D,FRA,FRANKFURT,GERMANY,3,ON TIME
IZ,212,2024-03-14 14:40:00,2024-03-14 14:40:00,A,ATH,ATHENS,GREECE,3,NOT FINAL
IZ,162,2024-03-14 14:45:00,2024-03-14 14:45:00,A,LCA,LARNACA,CYPRUS,3,NOT FINAL
LY,2366,2024-03-14 14:55:00,2024-03-14 14:55:00,A,BUD,BUDAPEST,HUNGARY,3,NOT FINAL
LY,362,2024-03-14 14:55:00,2024-03-14 14:55:00,A,VIE,VIENNA,AUSTRIA,3,NOT FINAL
U8,108,2024-03-14 14:55:00,2024-03-14 14:55:00,A,LCA,LARNACA,CYPRUS,3,NOT FINAL
IZ,281,2024-03-14 15:00:00,2024-03-14 15:00:00,D,PRG,PRAGUE,CZECH REPUBLIC,3,ON TIME
LY,972,2024-03-14 15:00:00,2024-03-14 15:00:00,A,DXB,DUBAI,UNITED ARAB EMIRATES,3,NOT FINAL
IZ,417,2024-03-14 15:10:00,2024-03-14 15:10:00,D,TBS,TBILISI,GEORGIA,3,ON TIME
AR,7211,2024-03-14 15:20:00,2024-03-14 15:20:00,D,FCO,ROME,ITALY,3,ON TIME
AZ,807,2024-03-14 15:20:00,2024-03-14 15:20:00,D,FCO,ROME,ITALY,3,ON TIME
BZ,441,2024-03-14 15:20:00,2024-03-14 15:20:00,A,BUD,BUDAPEST,HUNGARY,3,NOT FINAL
JU,7379,2024-03-14 15:20:00,2024-03-14 15:20:00,D,FCO,ROME,ITALY,3,ON TIME
6H,662,2024-03-14 15:20:00,2024-03-14 15:20:00,A,DXB,DUBAI,UNITED ARAB EMIRATES,3,NOT FINAL
AC,9020,2024-03-14 15:30:00,2024-03-14 15:30:00,A,FRA,FRANKFURT,GERMANY,3,NOT FINAL
LH,686,2024-03-14 15:30:00,2024-03-14 15:30:00,A,FRA,FRANKFURT,GERMANY,3,NOT FINAL
LY,348,2024-03-14 15:30:00,2024-03-14 15:30:00,A,ZRH,ZURICH,SWITZERLAND,3,NOT FINAL
NH,5459,2024-03-14 15:30:00,2024-03-14 15:30:00,A,FRA,FRANKFURT,GERMANY,3,NOT FINAL
SK,3188,2024-03-14 15:30:00,2024-03-14 15:30:00,A,ZRH,ZURICH,SWITZERLAND,3,NOT FINAL
SN,7173,2024-03-14 15:30:00,2024-03-14 15:30:00,A,FRA,FRANKFURT,GERMANY,3,NOT FINAL
UA,9120,2024-03-14 15:30:00,2024-03-14 15:30:00,A,FRA,FRANKFURT,GERMANY,3,NOT FINAL
IZ,816,2024-03-14 15:35:00,2024-03-14 15:35:00,A,ETM,RAMON,ISRAEL,3,NOT FINAL
SK,3154,2024-03-14 15:35:00,2024-03-14 15:35:00,A,BER,BERLIN,GERMANY,3,NOT FINAL
TO,3453,2024-03-14 15:35:00,2024-03-14 15:35:00,D,ORY,PARIS,FRANCE,3,ON TIME
AF,963,2024-03-14 15:40:00,2024-03-14 15:40:00,D,CDG,PARIS,FRANCE,3,ON TIME
U8,109,2024-03-14 15:55:00,2024-03-14 15:55:00,D,LCA,LARNACA,CYPRUS,3,ON TIME
IZ,295,2024-03-14 16:00:00,2024-03-14 16:00:00,D,OTP,BUCHAREST,ROMANIA,3,ON TIME
LY,346,2024-03-14 16:00:00,2024-03-14 16:00:00,A,GVA,GENEVA,SWITZERLAND,3,NOT FINAL
LY,382,2024-03-14 16:00:00,2024-03-14 16:00:00,A,MXP,MILAN,ITALY,3,NOT FINAL
SK,3184,2024-03-14 16:00:00,2024-03-14 16:00:00,A,MXP,MILAN,ITALY,3,NOT FINAL
UX,1302,2024-03-14 16:05:00,2024-03-14 16:05:00,D,MAD,MADRID,SPAIN,3,ON TIME
AA,9258,2024-03-14 16:10:00,2024-03-14 16:10:00,A,CDG,PARIS,FRANCE,3,NOT FINAL
AM,7851,2024-03-14 16:10:00,2024-03-14 16:10:00,D,AMS,AMSTERDAM,NETHERLANDS,3,ON TIME
A4,5023,2024-03-14 16:10:00,2024-03-14 16:10:00,A,AER,SOCHI,RUSSIAN FEDERATION,3,NOT FINAL
IZ,821,2024-03-14 16:10:00,2024-03-14 16:10:00,D,ETM,RAMON,ISRAEL,3,ON TIME
LY,320,2024-03-14 16:10:00,2024-03-14 16:10:00,A,CDG,PARIS,FRANCE,3,NOT FINAL
LY,339,2024-03-14 16:10:00,2024-03-14 16:10:00,D,AMS,AMSTERDAM,NETHERLANDS,3,ON TIME
LY,343,2024-03-14 16:10:00,2024-03-14 16:10:00,D,ZRH,ZURICH,SWITZERLAND,3,ON TIME
LY,5102,2024-03-14 16:10:00,2024-03-14 16:10:00,A,WAW,WARSAW,POLAND,3,NOT FINAL
SK,3151,2024-03-14 16:10:00,2024-03-14 16:10:00,D,AMS,AMSTERDAM,NETHERLANDS,3,ON TIME
SK,3191,2024-03-14 16:10:00,2024-03-14 16:10:00,D,ZRH,ZURICH,SWITZERLAND,3,ON TIME
BZ,462,2024-03-14 16:15:00,2024-03-14 16:15:00,D,PRG,PRAGUE,CZECH REPUBLIC,3,ON TIME
IZ,364,2024-03-14 16:25:00,2024-03-14 16:25:00,A,SOF,SOFIA,BULGARIA,3,NOT FINAL
LY,1008,2024-03-14 16:25:00,2024-03-14 16:25:00,A,JFK,NEW YORK,UNITED STATES,3,NOT FINAL
6H,48,2024-03-14 16:30:00,2024-03-14 16:30:00,A,ETM,RAMON,ISRAEL,3,NOT FINAL
LH,687,2024-03-14 16:35:00,2024-03-14 16:35:00,D,FRA,FRANKFURT,GERMANY,3,ON TIME
SN,7174,2024-03-14 16:35:00,2024-03-14 16:35:00,D,FRA,FRANKFURT,GERMANY,3,ON TIME
UA,9123,2024-03-14 16:35:00,2024-03-14 16:35:00,D,FRA,FRANKFURT,GERMANY,3,ON TIME
IB,2393,2024-03-14 16:40:00,2024-03-14 16:40:00,A,BCN,BARCELONA,SPAIN,3,NOT FINAL
LY,2373,2024-03-14 16:40:00,2024-03-14 16:40:00,D,BER,BERLIN,GERMANY,3,ON TIME
LY,2522,2024-03-14 16:40:00,2024-03-14 16:40:00,A,PRG,PRAGUE,CZECH REPUBLIC,3,NOT FINAL
LY,394,2024-03-14 16:40:00,2024-03-14 16:40:00,A,BCN,BARCELONA,SPAIN,3,NOT FINAL
AM,7853,2024-03-14 16:50:00,2024-03-14 16:50:00,D,CDG,PARIS,FRANCE,3,ON TIME
LY,325,2024-03-14 16:50:00,2024-03-14 16:50:00,D,CDG,PARIS,FRANCE,3,ON TIME
LY,338,2024-03-14 16:50:00,2024-03-14 16:50:00,A,AMS,AMSTERDAM,NETHERLANDS,3,NOT FINAL
SK,3150,2024-03-14 16:50:00,2024-03-14 16:50:00,A,AMS,AMSTERDAM,NETHERLANDS,3,NOT FINAL
IZ,1801,2024-03-14 17:00:00,2024-03-14 17:00:00,D,ETM,RAMON,ISRAEL,3,ON TIME
LY,387,2024-03-14 17:00:00,2024-03-14 17:00:00,D,MXP,MILAN,ITALY,3,ON TIME
SK,3183,2024-03-14 17:00:00,2024-03-14 17:00:00,D,MXP,MILAN,ITALY,3,ON TIME
W6,4427,2024-03-14 17:00:00,2024-03-14 17:00:00,A,SOF,SOFIA,BULGARIA,3,NOT FINAL
AM,7866,2024-03-14 17:05:00,2024-03-14 17:05:00,D,MAD,MADRID,SPAIN,3,ON TIME
AR,7873,2024-03-14 17:05:00,2024-03-14 17:05:00,D,MAD,MADRID,SPAIN,3,ON TIME
IB,2396,2024-03-14 17:05:00,2024-03-14 17:05:00,D,MAD,MADRID,SPAIN,3,ON TIME
LY,351,2024-03-14 17:05:00,2024-03-14 17:05:00,D,MUC,MUNICH,GERMANY,3,ON TIME
LY,397,2024-03-14 17:05:00,2024-03-14 17:05:00,D,MAD,MADRID,SPAIN,3,ON TIME
A4,5024,2024-03-14 17:10:00,2024-03-14 17:10:00,D,AER,SOCHI,RUSSIAN FEDERATION,3,ON TIME
LX,252,2024-03-14 17:10:00,2024-03-14 17:10:00,A,ZRH,ZURICH,SWITZERLAND,3,NOT FINAL
LY,2367,2024-03-14 17:10:00,2024-03-14 17:10:00,D,BUD,BUDAPEST,HUNGARY,3,ON TIME
LY,312,2024-03-14 17:10:00,2024-03-14 17:10:00,A,LTN,LONDON LUTON,UNITED KINGDOM,3,NOT FINAL
AM,7877,2024-03-14 17:15:00,2024-03-14 17:15:00,D,LHR,LONDON,UNITED KINGDOM,3,ON TIME
LY,317,2024-03-14 17:15:00,2024-03-14 17:15:00,D,LHR,LONDON,UNITED KINGDOM,3,ON TIME
BZ,703,2024-03-14 17:25:00,2024-03-14 17:25:00,A,ATH,ATHENS,GREECE,3,NOT FINAL
LY,5109,2024-03-14 17:30:00,2024-03-14 17:30:00,D,TBS,TBILISI,GEORGIA,3,ON TIME
LY,2523,2024-03-14 17:45:00,2024-03-14 17:45:00,D,PRG,PRAGUE,CZECH REPUBLIC,3,ON TIME
AA,9266,2024-03-14 17:50:00,2024-03-14 17:50:00,A,MAD,MADRID,SPAIN,3,NOT FINAL
AM,7859,2024-03-14 17:50:00,2024-03-14 17:50:00,A,MAD,MADRID,SPAIN,3,NOT FINAL
AR,7872,2024-03-14 17:50:00,2024-03-14 17:50:00,A,MAD,MADRID,SPAIN,3,NOT FINAL
IB,2395,2024-03-14 17:50:00,2024-03-14 17:50:00,A,MAD,MADRID,SPAIN,3,NOT FINAL
LY,396,2024-03-14 17:50:00,2024-03-14 17:50:00,A,MAD,MADRID,SPAIN,3,NOT FINAL
LY,571,2024-03-14 17:50:00,2024-03-14 17:50:00,D,OTP,BUCHAREST,ROMANIA,3,ON TIME
IZ,363,2024-03-14 17:55:00,2024-03-14 17:55:00,D,SOF,SOFIA,BULGARIA,3,ON TIME
AR,7879,2024-03-14 18:00:00,2024-03-14 18:00:00,D,FCO,ROME,ITALY,3,ON TIME
LY,383,2024-03-14 18:00:00,2024-03-14 18:00:00,D,FCO,ROME,ITALY,3,ON TIME
TP,8900,2024-03-14 18:00:00,2024-03-14 18:00:00,D,FCO,ROME,ITALY,3,ON TIME
W6,4428,2024-03-14 18:00:00,2024-03-14 18:00:00,D,SOF,SOFIA,BULGARIA,3,ON TIME
6H,721,2024-03-14 18:00:00,2024-03-14 18:00:00,D,SOF,SOFIA,BULGARIA,3,ON TIME
IB,2390,2024-03-14 18:05:00,2024-03-14 18:05:00,D,BCN,BARCELONA,SPAIN,3,ON TIME
LY,391,2024-03-14 18:05:00,2024-03-14 18:05:00,D,BCN,BARCELONA,SPAIN,3,ON TIME
6H,711,2024-03-14 18:10:00,2024-03-14 18:10:00,D,VAR,VARNA,BULGARIA,3,ON TIME
BZ,704,2024-03-14 18:20:00,2024-03-14 18:20:00,D,ATH,ATHENS,GREECE,3,ON TIME
LX,253,2024-03-14 18:20:00,2024-03-14 18:20:00,D,ZRH,ZURICH,SWITZERLAND,3,ON TIME
IZ,822,2024-03-14 18:35:00,2024-03-14 18:35:00,A,ETM,RAMON,ISRAEL,3,NOT FINAL
5F,447,2024-03-14 18:55:00,2024-03-14 18:55:00,A,RMO,CHISINAU,MOLDOVA,3,NOT FINAL
6H,726,2024-03-14 18:55:00,2024-03-14 18:55:00,A,BUD,BUDAPEST,HUNGARY,3,NOT FINAL
IZ,1802,2024-03-14 19:15:00,2024-03-14 19:15:00,A,ETM,RAMON,ISRAEL,3,NOT FINAL
LY,543,2024-03-14 19:15:00,2024-03-14 19:15:00,D,ATH,ATHENS,GREECE,3,ON TIME
AA,9259,2024-03-14 19:20:00,2024-03-14 19:20:00,A,CDG,PARIS,FRANCE,3,NOT FINAL
AM,7862,2024-03-14 19:20:00,2024-03-14 19:20:00,A,CDG,PARIS,FRANCE,3,NOT FINAL
LY,324,2024-03-14 19:20:00,2024-03-14 19:20:00,A,CDG,PARIS,FRANCE,3,NOT FINAL
LY,5108,2024-03-14 19:20:00,2024-03-14 19:20:00,A,TBS,TBILISI,GEORGIA,3,NOT FINAL
SK,3160,2024-03-14 19:20:00,2024-03-14 19:20:00,A,CDG,PARIS,FRANCE,3,NOT FINAL
AI,139,2024-03-14 19:25:00,2024-03-14 19:25:00,A,DEL,NEW DELHI,INDIA,3,NOT FINAL
IZ,387,2024-03-14 19:50:00,2024-03-14 19:50:00,D,BEG,BELGRADE,SERBIA,3,ON TIME
5F,448,2024-03-14 20:00:00,2024-03-14 20:00:00,D,RMO,CHISINAU,MOLDOVA,3,ON TIME
6H,891,2024-03-14 20:00:00,2024-03-14 20:00:00,D,TBS,TBILISI,GEORGIA,3,ON TIME
IZ,827,2024-03-14 20:10:00,2024-03-14 20:10:00,D,ETM,RAMON,ISRAEL,3,ON TIME
U8,102,2024-03-14 20:20:00,2024-03-14 20:20:00,A,LCA,LARNACA,CYPRUS,3,NOT FINAL
W4,8287,2024-03-14 20:20:00,2024-03-14 20:20:00,A,FCO,ROME,ITALY,3,NOT FINAL
LY,5133,2024-03-14 20:40:00,2024-03-14 20:40:00,D,LCA,LARNACA,CYPRUS,3,ON TIME
LY,87,2024-03-14 20:45:00,2024-03-14 20:45:00,D,HKT,PHUKET,THAILAND,3,ON TIME
6H,226,2024-03-14 20:45:00,2024-03-14 20:45:00,A,RVN,ROVANIEMI,FINLAND,3,NOT FINAL
LY,612,2024-03-14 20:55:00,2024-03-14 20:55:00,A,DME,MOSCOW,RUSSIAN FEDERATION,3,NOT FINAL
S7,4483,2024-03-14 20:55:00,2024-03-14 20:55:00,A,DME,MOSCOW,RUSSIAN FEDERATION,3,NOT FINAL
AA,9260,2024-03-14 21:05:00,2024-03-14 21:05:00,A,LHR,LONDON,UNITED KINGDOM,3,NOT FINAL
LY,316,2024-03-14 21:05:00,2024-03-14 21:05:00,A,LHR,LONDON,UNITED KINGDOM,3,NOT FINAL
AI,140,2024-03-14 21:10:00,2024-03-14 21:10:00,D,DEL,NEW DELHI,INDIA,3,ON TIME
W4,8288,2024-03-14 21:10:00,2024-03-14 21:10:00,D,FCO,ROME,ITALY,3,ON TIME
U8,1457,2024-03-14 21:20:00,2024-03-14 21:20:00,A,VNO,VILNIUS,LITHUANIA,3,NOT FINAL
LY,81,2024-03-14 21:30:00,2024-03-14 21:30:00,D,BKK,BANGKOK,THAILAND,3,ON TIME
QF,5020,2024-03-14 21:30:00,2024-03-14 21:30:00,D,BKK,BANGKOK,THAILAND,3,ON TIME
TG,4584,2024-03-14 21:30:00,2024-03-14 21:30:00,D,BKK,BANGKOK,THAILAND,3,ON TIME
VN,3298,2024-03-14 21:30:00,2024-03-14 21:30:00,D,BKK,BANGKOK,THAILAND,3,ON TIME
IZ,418,2024-03-14 21:35:00,2024-03-14 21:35:00,A,TBS,TBILISI,GEORGIA,3,NOT FINAL
LY,974,2024-03-14 21:40:00,2024-03-14 21:40:00,A,DXB,DUBAI,UNITED ARAB EMIRATES,3,NOT FINAL
6H,723,2024-03-14 21:40:00,2024-03-14 21:40:00,D,SOF,SOFIA,BULGARIA,3,ON TIME
WZ,4311,2024-03-14 21:50:00,2024-03-14 21:50:00,A,AER,SOCHI,RUSSIAN FEDERATION,3,NOT FINAL
LY,92,2024-03-14 22:05:00,2024-03-14 22:05:00,A,NRT,TOKYO,JAPAN,3,NOT FINAL
IZ,296,2024-03-14 22:15:00,2024-03-14 22:15:00,A,OTP,BUCHAREST,ROMANIA,3,NOT FINAL
IZ,828,2024-03-14 22:15:00,2024-03-14 22:15:00,A,ETM,RAMON,ISRAEL,3,NOT FINAL
H7,457,2024-03-14 22:30:00,2024-03-14 22:30:00,A,RMO,CHISINAU,MOLDOVA,3,NOT FINAL
LY,84,2024-03-14 22:50:00,2024-03-14 22:50:00,A,BKK,BANGKOK,THAILAND,3,NOT FINAL
QF,5019,2024-03-14 22:50:00,2024-03-14 22:50:00,A,BKK,BANGKOK,THAILAND,3,NOT FINAL
TG,4585,2024-03-14 22:50:00,2024-03-14 22:50:00,A,BKK,BANGKOK,THAILAND,3,NOT FINAL
VN,3295,2024-03-14 22:50:00,2024-03-14 22:50:00,A,BKK,BANGKOK,THAILAND,3,NOT FINAL
WZ,4312,2024-03-14 22:55:00,2024-03-14 22:55:00,D,AER,SOCHI,RUSSIAN FEDERATION,3,ON TIME
RO,155,2024-03-14 23:20:00,2024-03-14 23:20:00,A,OTP,BUCHAREST,ROMANIA,3,NOT FINAL
H7,458,2024-03-14 23:30:00,2024-03-14 23:30:00,D,RMO,CHISINAU,MOLDOVA,3,ON TIME
LY,5110,2024-03-14 23:50:00,2024-03-14 23:50:00,A,TBS,TBILISI,GEORGIA,3,NOT FINAL
LY,5134,2024-03-14 23:50:00,2024-03-14 23:50:00,A,LCA,LARNACA,CYPRUS,3,NOT FINAL
6H,712,2024-03-14 23:55:00,2024-03-14 23:55:00,A,VAR,VARNA,BULGARIA,3,NOT FINAL
B6,6453,2024-03-15 00:05:00,2024-03-15 00:05:00,D,JFK,NEW YORK,UNITED STATES,3,ON TIME
DL,7426,2024-03-15 00:05:00,2024-03-15 00:05:00,D,JFK,NEW YORK,UNITED STATES,3,ON TIME
LY,3,2024-03-15 00:05:00,2024-03-15 00:05:00,D,JFK,NEW YORK,UNITED STATES,3,ON TIME
LY,328,2024-03-15 00:10:00,2024-03-15 00:10:00,A,CDG,PARIS,FRANCE,3,NOT FINAL
SK,3162,2024-03-15 00:10:00,2024-03-15 00:10:00,A,CDG,PARIS,FRANCE,3,NOT FINAL
6H,722,2024-03-15 00:10:00,2024-03-15 00:10:00,A,SOF,SOFIA,BULGARIA,3,NOT FINAL
LY,572,2024-03-15 00:20:00,2024-03-15 00:20:00,A,OTP,BUCHAREST,ROMANIA,3,NOT FINAL
LY,614,2024-03-15 00:20:00,2024-03-15 00:20:00,A,DME,MOSCOW,RUSSIAN FEDERATION,3,NOT FINAL
RO,156,2024-03-15 00:20:00,2024-03-15 00:20:00,D,OTP,BUCHAREST,ROMANIA,3,ON TIME
S7,4485,2024-03-15 00:20:00,2024-03-15 00:20:00,A,DME,MOSCOW,RUSSIAN FEDERATION,3,NOT FINAL
LY,544,2024-03-15 00:25:00,2024-03-15 00:25:00,A,ATH,ATHENS,GREECE,3,NOT FINAL
ET,404,2024-03-15 00:35:00,2024-03-15 00:35:00,A,ADD,ADDIS ABABA,ETHIOPIA,3,NOT FINAL
LY,356,2024-03-15 00:35:00,2024-03-15 00:35:00,A,FRA,FRANKFURT,GERMANY,3,NOT FINAL
LY,8804,2024-03-15 00:35:00,2024-03-15 00:35:00,A,ADD,ADDIS ABABA,ETHIOPIA,3,NOT FINAL
BZ,461,2024-03-15 00:55:00,2024-03-15 00:55:00,A,PRG,PRAGUE,CZECH REPUBLIC,3,NOT FINAL
LY,2368,2024-03-15 00:55:00,2024-03-15 00:55:00,A,BUD,BUDAPEST,HUNGARY,3,NOT FINAL
AR,7851,2024-03-15 01:00:00,2024-03-15 01:00:00,D,MIA,MIAMI,UNITED STATES,3,ON TIME
B6,6467,2024-03-15 01:00:00,2024-03-15 01:00:00,D,MIA,MIAMI,UNITED STATES,3,ON TIME
B6,6483,2024-03-15 01:00:00,2024-03-15 01:00:00,D,EWR,NEWARK,UNITED STATES,3,ON TIME
DL,7437,2024-03-15 01:00:00,2024-03-15 01:00:00,D,MIA,MIAMI,UNITED STATES,3,ON TIME
DL,7443,2024-03-15 01:00:00,2024-03-15 01:00:00,D,EWR,NEWARK,UNITED STATES,3,ON TIME
LY,17,2024-03-15 01:00:00,2024-03-15 01:00:00,D,MIA,MIAMI,UNITED STATES,3,ON TIME
LY,27,2024-03-15 01:00:00,2024-03-15 01:00:00,D,EWR,NEWARK,UNITED STATES,3,ON TIME
AM,7869,2024-03-15 01:05:00,2024-03-15 01:05:00,D,JFK,NEW YORK,UNITED STATES,3,ON TIME
AR,7853,2024-03-15 01:05:00,2024-03-15 01:05:00,D,JFK,NEW YORK,UNITED STATES,3,ON TIME
B6,6451,2024-03-15 01:05:00,2024-03-15 01:05:00,D,JFK,NEW YORK,UNITED STATES,3,ON TIME
DL,7424,2024-03-15 01:05:00,2024-03-15 01:05:00,D,JFK,NEW YORK,UNITED STATES,3,ON TIME
LY,1,2024-03-15 01:05:00,2024-03-15 01:05:00,D,JFK,NEW YORK,UNITED STATES,3,ON TIME
ET,405,2024-03-15 01:30:00,2024-03-15 01:30:00,D,ADD,ADDIS ABABA,ETHIOPIA,3,ON TIME
LY,8807,2024-03-15 01:30:00,2024-03-15 01:30:00,D,ADD,ADDIS ABABA,ETHIOPIA,3,ON TIME
LY,344,2024-03-15 01:50:00,2024-03-15 01:50:00,A,ZRH,ZURICH,SWITZERLAND,3,NOT FINAL
SK,3190,2024-03-15 01:50:00,2024-03-15 01:50:00,A,ZRH,ZURICH,SWITZERLAND,3,NOT FINAL
LY,352,2024-03-15 02:10:00,2024-03-15 02:10:00,A,MUC,MUNICH,GERMANY,3,NOT FINAL
LY,388,2024-03-15 02:10:00,2024-03-15 02:10:00,A,MXP,MILAN,ITALY,3,NOT FINAL
SK,3178,2024-03-15 02:10:00,2024-03-15 02:10:00,A,MUC,MUNICH,GERMANY,3,NOT FINAL
SK,3180,2024-03-15 02:10:00,2024-03-15 02:10:00,A,MXP,MILAN,ITALY,3,NOT FINAL
TP,8901,2024-03-15 02:10:00,2024-03-15 02:10:00,A,MXP,MILAN,ITALY,3,NOT FINAL
AA,387,2024-03-15 02:15:00,2024-03-15 02:15:00,A,FCO,ROME,ITALY,3,NOT FINAL
AR,7874,2024-03-15 02:15:00,2024-03-15 02:15:00,A,FCO,ROME,ITALY,3,NOT FINAL
LY,384,2024-03-15 02:15:00,2024-03-15 02:15:00,A,FCO,ROME,ITALY,3,NOT FINAL
SK,3166,2024-03-15 02:15:00,2024-03-15 02:15:00,A,FCO,ROME,ITALY,3,NOT FINAL
TP,8897,2024-03-15 02:15:00,2024-03-15 02:15:00,A,FCO,ROME,ITALY,3,NOT FINAL
SK,3156,2024-03-15 02:20:00,2024-03-15 02:20:00,A,BER,BERLIN,GERMANY,3,NOT FINAL
6H,892,2024-03-15 02:25:00,2024-03-15 02:25:00,A,TBS,TBILISI,GEORGIA,3,NOT FINAL
LY,376,2024-03-15 02:30:00,2024-03-15 02:30:00,A,LIS,LISBON,PORTUGAL,3,NOT FINAL
TP,8913,2024-03-15 02:30:00,2024-03-15 02:30:00,A,LIS,LISBON,PORTUGAL,3,NOT FINAL
LY,2524,2024-03-15 02:45:00,2024-03-15 02:45:00,A,PRG,PRAGUE,CZECH REPUBLIC,3,NOT FINAL
AA,9265,2024-03-15 02:55:00,2024-03-15 02:55:00,D,MAD,MADRID,SPAIN,3,ON TIME
AM,7850,2024-03-15 02:55:00,2024-03-15 02:55:00,A,AMS,AMSTERDAM,NETHERLANDS,3,NOT FINAL
AM,7879,2024-03-15 02:55:00,2024-03-15 02:55:00,D,MAD,MADRID,SPAIN,3,ON TIME
AR,7871,2024-03-15 02:55:00,2024-03-15 02:55:00,D,MAD,MADRID,SPAIN,3,ON TIME
IB,2394,2024-03-15 02:55:00,2024-03-15 02:55:00,D,MAD,MADRID,SPAIN,3,ON TIME
LY,336,2024-03-15 02:55:00,2024-03-15 02:55:00,A,AMS,AMSTERDAM,NETHERLANDS,3,NOT FINAL
LY,395,2024-03-15 02:55:00,2024-03-15 02:55:00,D,MAD,MADRID,SPAIN,3,ON TIME
SK,3152,2024-03-15 02:55:00,2024-03-15 02:55:00,A,AMS,AMSTERDAM,NETHERLANDS,3,NOT FINAL
LY,311,2024-03-15 03:00:00,2024-03-15 03:00:00,D,LTN,LONDON LUTON,UNITED KINGDOM,3,ON TIME
AM,7854,2024-03-15 03:55:00,2024-03-15 03:20:00,A,CDG,PARIS,FRANCE,3,EARLY
IZ,388,2024-03-15 03:20:00,2024-03-15 03:20:00,A,BEG,BELGRADE,SERBIA,3,NOT FINAL
LY,326,2024-03-15 03:55:00,2024-03-15 03:20:00,A,CDG,PARIS,FRANCE,3,EARLY
SK,3158,2024-03-15 03:55:00,2024-03-15 03:20:00,A,CDG,PARIS,FRANCE,3,EARLY
AA,9262,2024-03-15 03:30:00,2024-03-15 03:30:00,D,CDG,PARIS,FRANCE,3,ON TIME
AM,7867,2024-03-15 03:30:00,2024-03-15 03:30:00,D,CDG,PARIS,FRANCE,3,ON TIME
LY,319,2024-03-15 03:30:00,2024-03-15 03:30:00,D,CDG,PARIS,FRANCE,3,ON TIME
SK,3161,2024-03-15 03:30:00,2024-03-15 03:30:00,D,CDG,PARIS,FRANCE,3,ON TIME
OS,859,2024-03-15 03:35:00,2024-03-15 03:35:00,A,VIE,VIENNA,AUSTRIA,3,NOT FINAL
LO,151,2024-03-15 03:45:00,2024-03-15 03:45:00,A,WAW,WARSAW,POLAND,3,NOT FINAL
LY,9256,2024-03-15 03:45:00,2024-03-15 03:45:00,A,WAW,WARSAW,POLAND,3,NOT FINAL
AM,7864,2024-03-15 03:50:00,2024-03-15 03:50:00,D,AMS,AMSTERDAM,NETHERLANDS,3,ON TIME
LY,337,2024-03-15 03:50:00,2024-03-15 03:50:00,D,AMS,AMSTERDAM,NETHERLANDS,3,ON TIME
SK,3155,2024-03-15 03:50:00,2024-03-15 03:50:00,D,AMS,AMSTERDAM,NETHERLANDS,3,ON TIME
6H,724,2024-03-15 03:50:00,2024-03-15 03:50:00,A,SOF,SOFIA,BULGARIA,3,NOT FINAL
IB,2391,2024-03-15 04:15:00,2024-03-15 04:15:00,A,BCN,BARCELONA,SPAIN,3,NOT FINAL
LY,392,2024-03-15 04:15:00,2024-03-15 04:15:00,A,BCN,BARCELONA,SPAIN,3,NOT FINAL
AM,7878,2024-03-15 04:20:00,2024-03-15 04:20:00,A,MAD,MADRID,SPAIN,3,NOT FINAL
AR,7870,2024-03-15 04:20:00,2024-03-15 04:20:00,A,MAD,MADRID,SPAIN,3,NOT FINAL
IB,2397,2024-03-15 04:20:00,2024-03-15 04:20:00,A,MAD,MADRID,SPAIN,3,NOT FINAL
LY,345,2024-03-15 04:20:00,2024-03-15 04:20:00,D,GVA,GENEVA,SWITZERLAND,3,ON TIME
LY,398,2024-03-15 04:20:00,2024-03-15 04:20:00,A,MAD,MADRID,SPAIN,3,NOT FINAL
IZ,338,2024-03-15 04:30:00,2024-03-15 04:30:00,A,MXP,MILAN,ITALY,3,NOT FINAL
IZ,282,2024-03-15 04:35:00,2024-03-15 04:35:00,A,PRG,PRAGUE,CZECH REPUBLIC,3,NOT FINAL
QS,1286,2024-03-15 04:35:00,2024-03-15 04:35:00,A,PRG,PRAGUE,CZECH REPUBLIC,3,NOT FINAL
AA,9267,2024-03-15 05:05:00,2024-03-15 05:05:00,A,LHR,LONDON,UNITED KINGDOM,3,NOT FINAL
AM,7876,2024-03-15 05:05:00,2024-03-15 05:05:00,A,LHR,LONDON,UNITED KINGDOM,3,NOT FINAL
BZ,251,2024-03-15 05:05:00,2024-03-15 05:05:00,A,BCN,BARCELONA,SPAIN,3,NOT FINAL
LY,318,2024-03-15 05:05:00,2024-03-15 05:05:00,A,LHR,LONDON,UNITED KINGDOM,3,NOT FINAL
SK,3174,2024-03-15 05:05:00,2024-03-15 05:05:00,A,LHR,LONDON,UNITED KINGDOM,3,NOT FINAL
LY,5101,2024-03-15 05:15:00,2024-03-15 05:15:00,D,WAW,WARSAW,POLAND,3,ON TIME
LO,152,2024-03-15 05:20:00,2024-03-15 05:20:00,D,WAW,WARSAW,POLAND,3,ON TIME
LY,381,2024-03-15 05:20:00,2024-03-15 05:20:00,D,MXP,MILAN,ITALY,3,ON TIME
LY,545,2024-03-15 05:20:00,2024-03-15 05:20:00,D,ATH,ATHENS,GREECE,3,ON TIME
LY,9255,2024-03-15 05:20:00,2024-03-15 05:20:00,D,WAW,WARSAW,POLAND,3,ON TIME
NH,5620,2024-03-15 05:20:00,2024-03-15 05:20:00,D,VIE,VIENNA,AUSTRIA,3,ON TIME
OS,860,2024-03-15 05:20:00,2024-03-15 05:20:00,D,VIE,VIENNA,AUSTRIA,3,ON TIME
SK,3185,2024-03-15 05:20:00,2024-03-15 05:20:00,D,MXP,MILAN,ITALY,3,ON TIME
TP,8910,2024-03-15 05:20:00,2024-03-15 05:20:00,D,MXP,MILAN,ITALY,3,ON TIME
LY,2371,2024-03-15 05:25:00,2024-03-15 05:25:00,D,BER,BERLIN,GERMANY,3,ON TIME
SK,3157,2024-03-15 05:25:00,2024-03-15 05:25:00,D,BER,BERLIN,GERMANY,3,ON TIME
LY,357,2024-03-15 05:30:00,2024-03-15 05:30:00,D,FRA,FRANKFURT,GERMANY,3,ON TIME
LY,361,2024-03-15 05:30:00,2024-03-15 05:30:00,D,VIE,VIENNA,AUSTRIA,3,ON TIME
SK,3165,2024-03-15 05:30:00,2024-03-15 05:30:00,D,FRA,FRANKFURT,GERMANY,3,ON TIME
QS,1287,2024-03-15 05:35:00,2024-03-15 05:35:00,D,PRG,PRAGUE,CZECH REPUBLIC,3,ON TIME
LY,2521,2024-03-15 05:45:00,2024-03-15 05:45:00,D,PRG,PRAGUE,CZECH REPUBLIC,3,ON TIME
LY,10,2024-03-15 05:50:00,2024-03-15 05:50:00,A,JFK,NEW YORK,UNITED STATES,3,NOT FINAL
LY,347,2024-03-15 05:50:00,2024-03-15 05:50:00,D,ZRH,ZURICH,SWITZERLAND,3,ON TIME
SK,3189,2024-03-15 05:50:00,2024-03-15 05:50:00,D,ZRH,ZURICH,SWITZERLAND,3,ON TIME
IZ,337,2024-03-15 06:00:00,2024-03-15 06:00:00,D,MXP,MILAN,ITALY,3,ON TIME
LY,5119,2024-03-15 06:00:00,2024-03-15 06:00:00,D,KRK,KRAKOW,POLAND,3,ON TIME
6H,291,2024-03-15 06:00:00,2024-03-15 06:00:00,D,INN,INNSBRUCK,AUSTRIA,3,ON TIME
6H,885,2024-03-15 06:00:00,2024-03-15 06:00:00,D,BUS,BATUMI,GEORGIA,3,ON TIME
LY,2365,2024-03-15 06:05:00,2024-03-15 06:05:00,D,BUD,BUDAPEST,HUNGARY,3,ON TIME
LY,971,2024-03-15 06:05:00,2024-03-15 06:05:00,D,DXB,DUBAI,UNITED ARAB EMIRATES,3,ON TIME
AR,7877,2024-03-15 06:10:00,2024-03-15 06:10:00,D,FCO,ROME,ITALY,3,ON TIME
LY,385,2024-03-15 06:10:00,2024-03-15 06:10:00,D,FCO,ROME,ITALY,3,ON TIME
SK,3167,2024-03-15 06:10:00,2024-03-15 06:10:00,D,FCO,ROME,ITALY,3,ON TIME
TP,8898,2024-03-15 06:10:00,2024-03-15 06:10:00,D,FCO,ROME,ITALY,3,ON TIME
IZ,413,2024-03-15 06:15:00,2024-03-15 06:15:00,D,BUS,BATUMI,GEORGIA,3,ON TIME
LY,82,2024-03-15 06:15:00,2024-03-15 06:15:00,A,BKK,BANGKOK,THAILAND,3,NOT FINAL
QF,5021,2024-03-15 06:15:00,2024-03-15 06:15:00,A,BKK,BANGKOK,THAILAND,3,NOT FINAL
TG,5483,2024-03-15 06:15:00,2024-03-15 06:15:00,A,BKK,BANGKOK,THAILAND,3,NOT FINAL
VN,3299,2024-03-15 06:15:00,2024-03-15 06:15:00,A,BKK,BANGKOK,THAILAND,3,NOT FINAL
LY,52,2024-03-15 06:25:00,2024-03-15 06:25:00,A,JNB,JOHANNESBURG,SOUTH AFRICA,3,NOT FINAL
QF,5023,2024-03-15 06:25:00,2024-03-15 06:25:00,A,JNB,JOHANNESBURG,SOUTH AFRICA,3,NOT FINAL
IB,2392,2024-03-15 06:30:00,2024-03-15 06:30:00,D,BCN,BARCELONA,SPAIN,3,ON TIME
LY,393,2024-03-15 06:30:00,2024-03-15 06:30:00,D,BCN,BARCELONA,SPAIN,3,ON TIME
B6,6484,2024-03-15 06:35:00,2024-03-15 06:35:00,A,EWR,NEWARK,UNITED STATES,3,NOT FINAL
DL,7444,2024-03-15 06:35:00,2024-03-15 06:35:00,A,EWR,NEWARK,UNITED STATES,3,NOT FINAL
LY,28,2024-03-15 06:35:00,2024-03-15 06:35:00,A,EWR,NEWARK,UNITED STATES,3,NOT FINAL
AR,7850,2024-03-15 06:45:00,2024-03-15 06:45:00,A,MIA,MIAMI,UNITED STATES,3,NOT FINAL
B6,6468,2024-03-15 06:45:00,2024-03-15 06:45:00,A,MIA,MIAMI,UNITED STATES,3,NOT FINAL
DL,7438,2024-03-15 06:45:00,2024-03-15 06:45:00,A,MIA,MIAMI,UNITED STATES,3,NOT FINAL
LY,18,2024-03-15 06:45:00,2024-03-15 06:45:00,A,MIA,MIAMI,UNITED STATES,3,NOT FINAL
LY,573,2024-03-15 07:00:00,2024-03-15 07:00:00,D,OTP,BUCHAREST,ROMANIA,3,ON TIME
6H,561,2024-03-15 07:00:00,2024-03-15 07:00:00,D,ATH,ATHENS,GREECE,3,ON TIME
BZ,702,2024-03-15 07:05:00,2024-03-15 07:05:00,D,ATH,ATHENS,GREECE,3,ON TIME
IZ,161,2024-03-15 07:30:00,2024-03-15 07:30:00,D,LCA,LARNACA,CYPRUS,3,ON TIME
LY,557,2024-03-15 07:30:00,2024-03-15 07:30:00,D,SOF,SOFIA,BULGARIA,3,ON TIME
BZ,252,2024-03-15 08:00:00,2024-03-15 08:00:00,D,BCN,BARCELONA,SPAIN,3,ON TIME
IZ,801,2024-03-15 08:00:00,2024-03-15 08:00:00,D,ETM,RAMON,ISRAEL,3,ON TIME
EK,2369,2024-03-15 08:05:00,2024-03-15 08:05:00,A,DXB,DUBAI,UNITED ARAB EMIRATES,3,NOT FINAL
FZ,1549,2024-03-15 08:05:00,2024-03-15 08:05:00,A,DXB,DUBAI,UNITED ARAB EMIRATES,3,NOT FINAL
UA,84,2024-03-15 08:20:00,2024-03-15 08:20:00,A,EWR,NEWARK,UNITED STATES,3,NOT FINAL
WZ,17,2024-03-15 08:55:00,2024-03-15 08:55:00,A,DME,MOSCOW,RUSSIAN FEDERATION,3,NOT FINAL
AM,7885,2024-03-15 09:00:00,2024-03-15 09:00:00,D,CDG,PARIS,FRANCE,3,ON TIME
IZ,211,2024-03-15 09:00:00,2024-03-15 09:00:00,D,ATH,ATHENS,GREECE,3,ON TIME
LY,323,2024-03-15 09:00:00,2024-03-15 09:00:00,D,CDG,PARIS,FRANCE,3,ON TIME
SK,3163,2024-03-15 09:00:00,2024-03-15 09:00:00,D,CDG,PARIS,FRANCE,3,ON TIME
6H,581,2024-03-15 09:05:00,2024-03-15 09:05:00,D,LCA,LARNACA,CYPRUS,3,ON TIME
AA,9261,2024-03-15 09:15:00,2024-03-15 09:15:00,D,LHR,LONDON,UNITED KINGDOM,3,ON TIME
AM,7863,2024-03-15 09:15:00,2024-03-15 09:15:00,D,LHR,LONDON,UNITED KINGDOM,3,ON TIME
LY,315,2024-03-15 09:15:00,2024-03-15 09:15:00,D,LHR,LONDON,UNITED KINGDOM,3,ON TIME
SK,3181,2024-03-15 09:15:00,2024-03-15 09:15:00,D,LHR,LONDON,UNITED KINGDOM,3,ON TIME
EK,2370,2024-03-15 09:20:00,2024-03-15 09:20:00,D,DXB,DUBAI,UNITED ARAB EMIRATES,3,ON TIME
FZ,1550,2024-03-15 09:20:00,2024-03-15 09:20:00,D,DXB,DUBAI,UNITED ARAB EMIRATES,3,ON TIME
EK,2450,2024-03-15 09:30:00,2024-03-15 09:30:00,A,DXB,DUBAI,UNITED ARAB EMIRATES,3,NOT FINAL
FZ,1081,2024-03-15 09:30:00,2024-03-15 09:30:00,A,DXB,DUBAI,UNITED ARAB EMIRATES,3,NOT FINAL
U8,103,2024-03-15 09:30:00,2024-03-15 09:30:00,D,LCA,LARNACA,CYPRUS,3,ON TIME
LY,5131,2024-03-15 09:40:00,2024-03-15 09:40:00,D,LCA,LARNACA,CYPRUS,3,ON TIME
WZ,16,2024-03-15 09:55:00,2024-03-15 09:55:00,D,AER,SOCHI,RUSSIAN FEDERATION,3,ON TIME
W6,2325,2024-03-15 10:05:00,2024-03-15 10:05:00,A,BUD,BUDAPEST,HUNGARY,3,NOT FINAL
LY,541,2024-03-15 10:15:00,2024-03-15 10:15:00,D,ATH,ATHENS,GREECE,3,ON TIME
AM,7868,2024-03-15 10:20:00,2024-03-15 10:20:00,A,JFK,NEW YORK,UNITED STATES,3,NOT FINAL
AR,7852,2024-03-15 10:20:00,2024-03-15 10:20:00,A,JFK,NEW YORK,UNITED STATES,3,NOT FINAL
B6,6450,2024-03-15 10:20:00,2024-03-15 10:20:00,A,JFK,NEW YORK,UNITED STATES,3,NOT FINAL
DL,7425,2024-03-15 10:20:00,2024-03-15 10:20:00,A,JFK,NEW YORK,UNITED STATES,3,NOT FINAL
LY,2,2024-03-15 10:20:00,2024-03-15 10:20:00,A,JFK,NEW YORK,UNITED STATES,3,NOT FINAL
IZ,802,2024-03-15 10:25:00,2024-03-15 10:25:00,A,ETM,RAMON,ISRAEL,3,NOT FINAL
IZ,162,2024-03-15 10:30:00,2024-03-15 10:30:00,A,LCA,LARNACA,CYPRUS,3,NOT FINAL
UA,85,2024-03-15 10:30:00,2024-03-15 10:30:00,D,EWR,NEWARK,UNITED STATES,3,ON TIME
LY,546,2024-03-15 10:35:00,2024-03-15 10:35:00,A,ATH,ATHENS,GREECE,3,NOT FINAL
EK,2451,2024-03-15 10:45:00,2024-03-15 10:45:00,D,DXB,DUBAI,UNITED ARAB EMIRATES,3,ON TIME
FZ,1082,2024-03-15 10:45:00,2024-03-15 10:45:00,D,DXB,DUBAI,UNITED ARAB EMIRATES,3,ON TIME
A4,5025,2024-03-15 10:55:00,2024-03-15 10:55:00,A,AER,SOCHI,RUSSIAN FEDERATION,3,NOT FINAL
W6,2326,2024-03-15 10:55:00,2024-03-15 10:55:00,D,BUD,BUDAPEST,HUNGARY,3,ON TIME
IZ,511,2024-03-15 11:00:00,2024-03-15 11:00:00,D,AMS,AMSTERDAM,NETHERLANDS,3,ON TIME
HU,743,2024-03-15 11:10:00,2024-03-15 11:10:00,A,SZX,SHENZHEN,CHINA,3,NOT FINAL
LY,387,2024-03-15 11:10:00,2024-03-15 11:10:00,D,MXP,MILAN,ITALY,3,ON TIME
SK,3183,2024-03-15 11:10:00,2024-03-15 11:10:00,D,MXP,MILAN,ITALY,3,ON TIME
EY,593,2024-03-15 11:20:00,2024-03-15 11:20:00,A,AUH,ABU DHABI,UNITED ARAB EMIRATES,3,NOT FINAL
LY,9600,2024-03-15 11:20:00,2024-03-15 11:20:00,A,AUH,ABU DHABI,UNITED ARAB EMIRATES,3,NOT FINAL
IZ,215,2024-03-15 11:30:00,2024-03-15 11:30:00,D,SKG,THESSALONIKI,GREECE,3,ON TIME
IZ,803,2024-03-15 11:30:00,2024-03-15 11:30:00,D,ETM,RAMON,ISRAEL,3,ON TIME
EK,2363,2024-03-15 11:40:00,2024-03-15 11:40:00,A,DXB,DUBAI,UNITED ARAB EMIRATES,3,NOT FINAL
FZ,1211,2024-03-15 11:40:00,2024-03-15 11:40:00,A,DXB,DUBAI,UNITED ARAB EMIRATES,3,NOT FINAL
AR,7879,2024-03-15 11:45:00,2024-03-15 11:45:00,D,FCO,ROME,ITALY,3,ON TIME
LY,383,2024-03-15 11:45:00,2024-03-15 11:45:00,D,FCO,ROME,ITALY,3,ON TIME
TP,8900,2024-03-15 11:45:00,2024-03-15 11:45:00,D,FCO,ROME,ITALY,3,ON TIME
6H,886,2024-03-15 11:45:00,2024-03-15 11:45:00,A,BUS,BATUMI,GEORGIA,3,NOT FINAL
A3,926,2024-03-15 12:00:00,2024-03-15 12:00:00,A,ATH,ATHENS,GREECE,3,NOT FINAL
IZ,414,2024-03-15 12:00:00,2024-03-15 12:00:00,A,BUS,BATUMI,GEORGIA,3,NOT FINAL
JU,7620,2024-03-15 12:00:00,2024-03-15 12:00:00,A,ATH,ATHENS,GREECE,3,NOT FINAL
A4,5026,2024-03-15 12:05:00,2024-03-15 12:05:00,D,AER,SOCHI,RUSSIAN FEDERATION,3,ON TIME
6H,562,2024-03-15 12:15:00,2024-03-15 12:15:00,A,ATH,ATHENS,GREECE,3,NOT FINAL
6H,582,2024-03-15 12:15:00,2024-03-15 12:15:00,A,LCA,LARNACA,CYPRUS,3,NOT FINAL
B6,6466,2024-03-15 12:30:00,2024-03-15 12:30:00,A,BOS,BOSTON,UNITED STATES,3,NOT FINAL
DL,7436,2024-03-15 12:30:00,2024-03-15 12:30:00,A,BOS,BOSTON,UNITED STATES,3,NOT FINAL
LY,16,2024-03-15 12:30:00,2024-03-15 12:30:00,A,BOS,BOSTON,UNITED STATES,3,NOT FINAL
HU,744,2024-03-15 12:40:00,2024-03-15 12:40:00,D,SZX,SHENZHEN,CHINA,3,ON TIME
6H,43,2024-03-15 12:45:00,2024-03-15 12:45:00,D,ETM,RAMON,ISRAEL,3,ON TIME
A3,927,2024-03-15 12:50:00,2024-03-15 12:50:00,D,ATH,ATHENS,GREECE,3,ON TIME
EK,4978,2024-03-15 12:50:00,2024-03-15 12:50:00,D,ATH,ATHENS,GREECE,3,ON TIME
FB,1514,2024-03-15 12:50:00,2024-03-15 12:50:00,D,ATH,ATHENS,GREECE,3,ON TIME
JU,7621,2024-03-15 12:50:00,2024-03-15 12:50:00,D,ATH,ATHENS,GREECE,3,ON TIME
EK,2364,2024-03-15 12:55:00,2024-03-15 12:55:00,D,DXB,DUBAI,UNITED ARAB EMIRATES,3,ON TIME
FZ,1212,2024-03-15 12:55:00,2024-03-15 12:55:00,D,DXB,DUBAI,UNITED ARAB EMIRATES,3,ON TIME
EY,594,2024-03-15 13:00:00,2024-03-15 13:00:00,D,AUH,ABU DHABI,UNITED ARAB EMIRATES,3,ON TIME
IZ,283,2024-03-15 13:00:00,2024-03-15 13:00:00,D,PRG,PRAGUE,CZECH REPUBLIC,3,ON TIME
LY,9601,2024-03-15 13:00:00,2024-03-15 13:00:00,D,AUH,ABU DHABI,UNITED ARAB EMIRATES,3,ON TIME
U8,108,2024-03-15 13:00:00,2024-03-15 13:00:00,A,LCA,LARNACA,CYPRUS,3,NOT FINAL
EK,2345,2024-03-15 13:05:00,2024-03-15 13:05:00,A,DXB,DUBAI,UNITED ARAB EMIRATES,3,NOT FINAL
FZ,1125,2024-03-15 13:05:00,2024-03-15 13:05:00,A,DXB,DUBAI,UNITED ARAB EMIRATES,3,NOT FINAL
BZ,701,2024-03-15 13:10:00,2024-03-15 13:10:00,A,ATH,ATHENS,GREECE,3,NOT FINAL
B6,6482,2024-03-15 13:20:00,2024-03-15 13:20:00,A,EWR,NEWARK,UNITED STATES,3,NOT FINAL
DL,7442,2024-03-15 13:20:00,2024-03-15 13:20:00,A,EWR,NEWARK,UNITED STATES,3,NOT FINAL
LY,26,2024-03-15 13:20:00,2024-03-15 13:20:00,A,EWR,NEWARK,UNITED STATES,3,NOT FINAL
LY,5132,2024-03-15 13:30:00,2024-03-15 13:30:00,A,LCA,LARNACA,CYPRUS,3,NOT FINAL
6H,351,2024-03-15 13:40:00,2024-03-15 13:40:00,D,VRN,VERONA,ITALY,3,ON TIME
IZ,804,2024-03-15 13:45:00,2024-03-15 13:45:00,A,ETM,RAMON,ISRAEL,3,NOT FINAL
LY,362,2024-03-15 13:45:00,2024-03-15 13:45:00,A,VIE,VIENNA,AUSTRIA,3,NOT FINAL
LY,5120,2024-03-15 13:45:00,2024-03-15 13:45:00,A,KRK,KRAKOW,POLAND,3,NOT FINAL
LY,552,2024-03-15 13:45:00,2024-03-15 13:45:00,A,SOF,SOFIA,BULGARIA,3,NOT FINAL
AM,7874,2024-03-15 13:50:00,2024-03-15 13:50:00,A,LAX,LOS ANGELES,UNITED STATES,3,NOT FINAL
B6,6462,2024-03-15 13:50:00,2024-03-15 13:50:00,A,LAX,LOS ANGELES,UNITED STATES,3,NOT FINAL
DL,7429,2024-03-15 13:50:00,2024-03-15 13:50:00,A,LAX,LOS ANGELES,UNITED STATES,3,NOT FINAL
LY,6,2024-03-15 13:50:00,2024-03-15 13:50:00,A,LAX,LOS ANGELES,UNITED STATES,3,NOT FINAL
LY,5102,2024-03-15 13:50:00,2024-03-15 13:50:00,A,WAW,WARSAW,POLAND,3,NOT FINAL
LY,2366,2024-03-15 13:55:00,2024-03-15 13:55:00,A,BUD,BUDAPEST,HUNGARY,3,NOT FINAL
U8,109,2024-03-15 14:00:00,2024-03-15 14:00:00,D,LCA,LARNACA,CYPRUS,3,ON TIME
6H,727,2024-03-15 14:00:00,2024-03-15 14:00:00,D,BUD,BUDAPEST,HUNGARY,3,ON TIME
BZ,462,2024-03-15 14:05:00,2024-03-15 14:05:00,D,PRG,PRAGUE,CZECH REPUBLIC,3,ON TIME
AM,7856,2024-03-15 14:10:00,2024-03-15 14:10:00,A,JFK,NEW YORK,UNITED STATES,3,NOT FINAL
AR,7856,2024-03-15 14:10:00,2024-03-15 14:10:00,A,JFK,NEW YORK,UNITED STATES,3,NOT FINAL
B6,6456,2024-03-15 14:10:00,2024-03-15 14:10:00,A,JFK,NEW YORK,UNITED STATES,3,NOT FINAL
DL,7431,2024-03-15 14:10:00,2024-03-15 14:10:00,A,JFK,NEW YORK,UNITED STATES,3,NOT FINAL
LY,8,2024-03-15 14:10:00,2024-03-15 14:10:00,A,JFK,NEW YORK,UNITED STATES,3,NOT FINAL
LY,346,2024-03-15 14:10:00,2024-03-15 14:10:00,A,GVA,GENEVA,SWITZERLAND,3,NOT FINAL
EK,2346,2024-03-15 14:20:00,2024-03-15 14:20:00,D,DXB,DUBAI,UNITED ARAB EMIRATES,3,ON TIME
FZ,1126,2024-03-15 14:20:00,2024-03-15 14:20:00,D,DXB,DUBAI,UNITED ARAB EMIRATES,3,ON TIME
AA,9258,2024-03-15 14:25:00,2024-03-15 14:25:00,A,CDG,PARIS,FRANCE,3,NOT FINAL
LY,320,2024-03-15 14:25:00,2024-03-15 14:25:00,A,CDG,PARIS,FRANCE,3,NOT FINAL
AA,9266,2024-03-15 14:30:00,2024-03-15 14:30:00,A,MAD,MADRID,SPAIN,3,NOT FINAL
AM,7859,2024-03-15 14:30:00,2024-03-15 14:30:00,A,MAD,MADRID,SPAIN,3,NOT FINAL
AR,7872,2024-03-15 14:30:00,2024-03-15 14:30:00,A,MAD,MADRID,SPAIN,3,NOT FINAL
AR,7876,2024-03-15 14:30:00,2024-03-15 14:30:00,A,FCO,ROME,ITALY,3,NOT FINAL
IB,2395,2024-03-15 14:30:00,2024-03-15 14:30:00,A,MAD,MADRID,SPAIN,3,NOT FINAL
IZ,805,2024-03-15 14:30:00,2024-03-15 14:30:00,D,ETM,RAMON,ISRAEL,3,ON TIME
LY,386,2024-03-15 14:30:00,2024-03-15 14:30:00,A,FCO,ROME,ITALY,3,NOT FINAL
LY,396,2024-03-15 14:30:00,2024-03-15 14:30:00,A,MAD,MADRID,SPAIN,3,NOT FINAL
TO,3452,2024-03-15 14:30:00,2024-03-15 14:30:00,A,ORY,PARIS,FRANCE,3,NOT FINAL
IZ,212,2024-03-15 14:40:00,2024-03-15 14:40:00,A,ATH,ATHENS,GREECE,3,NOT FINAL
LY,312,2024-03-15 14:40:00,2024-03-15 14:40:00,A,LTN,LONDON LUTON,UNITED KINGDOM,3,NOT FINAL
LY,338,2024-03-15 14:40:00,2024-03-15 14:40:00,A,AMS,AMSTERDAM,NETHERLANDS,3,NOT FINAL
SK,3150,2024-03-15 14:40:00,2024-03-15 14:40:00,A,AMS,AMSTERDAM,NETHERLANDS,3,NOT FINAL
LY,382,2024-03-15 14:50:00,2024-03-15 14:50:00,A,MXP,MILAN,ITALY,3,NOT FINAL
LY,5208,2024-03-15 14:50:00,2024-03-15 14:50:00,A,BEG,BELGRADE,SERBIA,3,NOT FINAL
SK,3184,2024-03-15 14:50:00,2024-03-15 14:50:00,A,MXP,MILAN,ITALY,3,NOT FINAL
6H,292,2024-03-15 14:50:00,2024-03-15 14:50:00,A,INN,INNSBRUCK,AUSTRIA,3,NOT FINAL
LY,972,2024-03-15 15:00:00,2024-03-15 15:00:00,A,DXB,DUBAI,UNITED ARAB EMIRATES,3,NOT FINAL
LY,2372,2024-03-15 15:05:00,2024-03-15 15:05:00,A,BER,BERLIN,GERMANY,3,NOT FINAL
SK,3154,2024-03-15 15:05:00,2024-03-15 15:05:00,A,BER,BERLIN,GERMANY,3,NOT FINAL
LY,2522,2024-03-15 15:10:00,2024-03-15 15:10:00,A,PRG,PRAGUE,CZECH REPUBLIC,3,NOT FINAL
IZ,106,2024-03-15 15:30:00,2024-03-15 15:30:00,A,BEG,BELGRADE,SERBIA,3,NOT FINAL
LY,358,2024-03-15 15:30:00,2024-03-15 15:30:00,A,FRA,FRANKFURT,GERMANY,3,NOT FINAL
6H,44,2024-03-15 15:30:00,2024-03-15 15:30:00,A,ETM,RAMON,ISRAEL,3,NOT FINAL
LY,348,2024-03-15 15:35:00,2024-03-15 15:35:00,A,ZRH,ZURICH,SWITZERLAND,3,NOT FINAL
SK,3188,2024-03-15 15:35:00,2024-03-15 15:35:00,A,ZRH,ZURICH,SWITZERLAND,3,NOT FINAL
A4,5023,2024-03-15 15:40:00,2024-03-15 15:40:00,A,AER,SOCHI,RUSSIAN FEDERATION,3,NOT FINAL
DN,902,2024-03-15 15:40:00,2024-03-15 15:40:00,A,PSA,PISA,ITALY,3,NOT FINAL
TO,3453,2024-03-15 15:40:00,2024-03-15 15:40:00,D,ORY,PARIS,FRANCE,3,ON TIME
LX,252,2024-03-15 15:55:00,2024-03-15 15:55:00,A,ZRH,ZURICH,SWITZERLAND,3,NOT FINAL
6H,767,2024-03-15 16:00:00,2024-03-15 16:00:00,D,PRG,PRAGUE,CZECH REPUBLIC,3,ON TIME
LH,680,2024-03-15 16:05:00,2024-03-15 16:05:00,A,MUC,MUNICH,GERMANY,3,NOT FINAL
SN,7171,2024-03-15 16:05:00,2024-03-15 16:05:00,A,MUC,MUNICH,GERMANY,3,NOT FINAL
UA,9471,2024-03-15 16:05:00,2024-03-15 16:05:00,A,MUC,MUNICH,GERMANY,3,NOT FINAL
IZ,806,2024-03-15 16:35:00,2024-03-15 16:35:00,A,ETM,RAMON,ISRAEL,3,NOT FINAL
A4,5024,2024-03-15 16:40:00,2024-03-15 16:40:00,D,AER,SOCHI,RUSSIAN FEDERATION,3,ON TIME
A3,924,2024-03-15 17:00:00,2024-03-15 17:00:00,A,ATH,ATHENS,GREECE,3,NOT FINAL
LX,253,2024-03-15 17:05:00,2024-03-15 17:05:00,D,ZRH,ZURICH,SWITZERLAND,3,ON TIME
IZ,216,2024-03-15 17:10:00,2024-03-15 17:10:00,A,SKG,THESSALONIKI,GREECE,3,NOT FINAL
LH,681,2024-03-15 17:10:00,2024-03-15 17:10:00,D,MUC,MUNICH,GERMANY,3,ON TIME
SN,7172,2024-03-15 17:10:00,2024-03-15 17:10:00,D,MUC,MUNICH,GERMANY,3,ON TIME
A3,925,2024-03-15 17:55:00,2024-03-15 17:55:00,D,ATH,ATHENS,GREECE,3,ON TIME
IZ,512,2024-03-15 23:00:00,2024-03-15 23:00:00,A,AMS,AMSTERDAM,NETHERLANDS,3,NOT FINAL
6H,352,2024-03-15 23:05:00,2024-03-15 23:05:00,A,VRN,VERONA,ITALY,3,NOT FINAL
6H,728,2024-03-15 23:05:00,2024-03-15 23:05:00,A,BUD,BUDAPEST,HUNGARY,3,NOT FINAL
ET,404,2024-03-16 00:35:00,2024-03-16 00:35:00,A,ADD,ADDIS ABABA,ETHIOPIA,3,NOT FINAL
LY,8804,2024-03-16 00:35:00,2024-03-16 00:35:00,A,ADD,ADDIS ABABA,ETHIOPIA,3,NOT FINAL
6H,768,2024-03-16 00:45:00,2024-03-16 00:45:00,A,PRG,PRAGUE,CZECH REPUBLIC,3,NOT FINAL
ET,405,2024-03-16 01:30:00,2024-03-16 01:30:00,D,ADD,ADDIS ABABA,ETHIOPIA,3,ON TIME
LY,8807,2024-03-16 01:30:00,2024-03-16 01:30:00,D,ADD,ADDIS ABABA,ETHIOPIA,3,ON TIME
A3,928,2024-03-16 03:00:00,2024-03-16 03:00:00,A,ATH,ATHENS,GREECE,3,NOT FINAL
FB,1528,2024-03-16 03:00:00,2024-03-16 03:00:00,A,ATH,ATHENS,GREECE,3,NOT FINAL
OS,859,2024-03-16 03:35:00,2024-03-16 03:35:00,A,VIE,VIENNA,AUSTRIA,3,NOT FINAL
LO,151,2024-03-16 03:45:00,2024-03-16 03:45:00,A,WAW,WARSAW,POLAND,3,NOT FINAL
LY,9256,2024-03-16 03:45:00,2024-03-16 03:45:00,A,WAW,WARSAW,POLAND,3,NOT FINAL
QS,1286,2024-03-16 04:35:00,2024-03-16 04:35:00,A,PRG,PRAGUE,CZECH REPUBLIC,3,NOT FINAL
A3,929,2024-03-16 05:15:00,2024-03-16 05:15:00,D,ATH,ATHENS,GREECE,3,ON TIME
FB,1529,2024-03-16 05:15:00,2024-03-16 05:15:00,D,ATH,ATHENS,GREECE,3,ON TIME
JU,7623,2024-03-16 05:15:00,2024-03-16 05:15:00,D,ATH,ATHENS,GREECE,3,ON TIME
LO,152,2024-03-16 05:20:00,2024-03-16 05:20:00,D,WAW,WARSAW,POLAND,3,ON TIME
LY,9255,2024-03-16 05:20:00,2024-03-16 05:20:00,D,WAW,WARSAW,POLAND,3,ON TIME
NH,5620,2024-03-16 05:20:00,2024-03-16 05:20:00,D,VIE,VIENNA,AUSTRIA,3,ON TIME
OS,860,2024-03-16 05:20:00,2024-03-16 05:20:00,D,VIE,VIENNA,AUSTRIA,3,ON TIME
QS,1287,2024-03-16 05:35:00,2024-03-16 05:35:00,D,PRG,PRAGUE,CZECH REPUBLIC,3,ON TIME
IZ,413,2024-03-16 05:40:00,2024-03-16 05:40:00,D,BUS,BATUMI,GEORGIA,3,ON TIME
6H,141,2024-03-16 05:50:00,2024-03-16 05:50:00,D,GNB,GRENOBLE,FRANCE,3,ON TIME
6H,263,2024-03-16 06:30:00,2024-03-16 06:30:00,D,MUC,MUNICH,GERMANY,3,ON TIME
6H,357,2024-03-16 07:10:00,2024-03-16 07:10:00,D,VRN,VERONA,ITALY,3,ON TIME
IZ,551,2024-03-16 08:15:00,2024-03-16 08:15:00,D,RVN,ROVANIEMI,FINLAND,3,ON TIME
UA,84,2024-03-16 08:20:00,2024-03-16 08:20:00,A,EWR,NEWARK,UNITED STATES,3,NOT FINAL
IZ,775,2024-03-16 08:30:00,2024-03-16 08:30:00,D,GNB,GRENOBLE,FRANCE,3,ON TIME
EK,2369,2024-03-16 08:55:00,2024-03-16 08:55:00,A,DXB,DUBAI,UNITED ARAB EMIRATES,3,NOT FINAL
FZ,1549,2024-03-16 08:55:00,2024-03-16 08:55:00,A,DXB,DUBAI,UNITED ARAB EMIRATES,3,NOT FINAL
EK,2370,2024-03-16 10:10:00,2024-03-16 10:10:00,D,DXB,DUBAI,UNITED ARAB EMIRATES,3,ON TIME
FZ,1550,2024-03-16 10:10:00,2024-03-16 10:10:00,D,DXB,DUBAI,UNITED ARAB EMIRATES,3,ON TIME
EK,2450,2024-03-16 10:20:00,2024-03-16 10:20:00,A,DXB,DUBAI,UNITED ARAB EMIRATES,3,NOT FINAL
FZ,1081,2024-03-16 10:20:00,2024-03-16 10:20:00,A,DXB,DUBAI,UNITED ARAB EMIRATES,3,NOT FINAL
UA,85,2024-03-16 10:30:00,2024-03-16 10:30:00,D,EWR,NEWARK,UNITED STATES,3,ON TIME
IZ,414,2024-03-16 11:30:00,2024-03-16 11:30:00,A,BUS,BATUMI,GEORGIA,3,NOT FINAL
EK,2451,2024-03-16 11:35:00,2024-03-16 11:35:00,D,DXB,DUBAI,UNITED ARAB EMIRATES,3,ON TIME
FZ,1082,2024-03-16 11:35:00,2024-03-16 11:35:00,D,DXB,DUBAI,UNITED ARAB EMIRATES,3,ON TIME
EK,2363,2024-03-16 11:40:00,2024-03-16 11:40:00,A,DXB,DUBAI,UNITED ARAB EMIRATES,3,NOT FINAL
FZ,1211,2024-03-16 11:40:00,2024-03-16 11:40:00,A,DXB,DUBAI,UNITED ARAB EMIRATES,3,NOT FINAL
6H,145,2024-03-16 11:50:00,2024-03-16 11:50:00,D,GNB,GRENOBLE,FRANCE,3,ON TIME
A3,926,2024-03-16 12:00:00,2024-03-16 12:00:00,A,ATH,ATHENS,GREECE,3,NOT FINAL
BZ,701,2024-03-16 12:00:00,2024-03-16 12:00:00,A,ATH,ATHENS,GREECE,3,NOT FINAL
IZ,1841,2024-03-16 12:00:00,2024-03-16 12:00:00,D,ETM,RAMON,ISRAEL,3,ON TIME
JU,7620,2024-03-16 12:00:00,2024-03-16 12:00:00,A,ATH,ATHENS,GREECE,3,NOT FINAL
WZ,15,2024-03-16 12:15:00,2024-03-16 12:15:00,A,DME,MOSCOW,RUSSIAN FEDERATION,3,NOT FINAL
IZ,161,2024-03-16 12:30:00,2024-03-16 12:30:00,D,LCA,LARNACA,CYPRUS,3,ON TIME
EW,9974,2024-03-16 12:40:00,2024-03-16 12:40:00,A,DUS,DUSSELDORF,GERMANY,3,NOT FINAL
A3,927,2024-03-16 12:50:00,2024-03-16 12:50:00,D,ATH,ATHENS,GREECE,3,ON TIME
EK,4978,2024-03-16 12:50:00,2024-03-16 12:50:00,D,ATH,ATHENS,GREECE,3,ON TIME
FB,1514,2024-03-16 12:50:00,2024-03-16 12:50:00,D,ATH,ATHENS,GREECE,3,ON TIME
JU,7621,2024-03-16 12:50:00,2024-03-16 12:50:00,D,ATH,ATHENS,GREECE,3,ON TIME
BZ,132,2024-03-16 12:55:00,2024-03-16 12:55:00,D,FCO,ROME,ITALY,3,ON TIME
EK,2364,2024-03-16 12:55:00,2024-03-16 12:55:00,D,DXB,DUBAI,UNITED ARAB EMIRATES,3,ON TIME
FZ,1212,2024-03-16 12:55:00,2024-03-16 12:55:00,D,DXB,DUBAI,UNITED ARAB EMIRATES,3,ON TIME
EK,2345,2024-03-16 13:05:00,2024-03-16 13:05:00,A,DXB,DUBAI,UNITED ARAB EMIRATES,3,NOT FINAL
FZ,1125,2024-03-16 13:05:00,2024-03-16 13:05:00,A,DXB,DUBAI,UNITED ARAB EMIRATES,3,NOT FINAL
ET,418,2024-03-16 13:35:00,2024-03-16 13:35:00,A,ADD,ADDIS ABABA,ETHIOPIA,3,NOT FINAL
LY,8808,2024-03-16 13:35:00,2024-03-16 13:35:00,A,ADD,ADDIS ABABA,ETHIOPIA,3,NOT FINAL
EW,9975,2024-03-16 13:40:00,2024-03-16 13:40:00,D,DUS,DUSSELDORF,GERMANY,3,ON TIME
WZ,16,2024-03-16 13:45:00,2024-03-16 13:45:00,D,AER,SOCHI,RUSSIAN FEDERATION,3,ON TIME
CY,110,2024-03-16 14:00:00,2024-03-16 14:00:00,A,LCA,LARNACA,CYPRUS,3,NOT FINAL
IZ,1842,2024-03-16 14:05:00,2024-03-16 14:05:00,A,ETM,RAMON,ISRAEL,3,NOT FINAL
EK,2346,2024-03-16 14:20:00,2024-03-16 14:20:00,D,DXB,DUBAI,UNITED ARAB EMIRATES,3,ON TIME
FZ,1126,2024-03-16 14:20:00,2024-03-16 14:20:00,D,DXB,DUBAI,UNITED ARAB EMIRATES,3,ON TIME
ET,419,2024-03-16 14:35:00,2024-03-16 14:35:00,D,ADD,ADDIS ABABA,ETHIOPIA,3,ON TIME
LY,8809,2024-03-16 14:35:00,2024-03-16 14:35:00,D,ADD,ADDIS ABABA,ETHIOPIA,3,ON TIME
CY,111,2024-03-16 15:00:00,2024-03-16 15:00:00,D,LCA,LARNACA,CYPRUS,3,ON TIME
IZ,827,2024-03-16 15:00:00,2024-03-16 15:00:00,D,ETM,RAMON,ISRAEL,3,ON TIME
6H,264,2024-03-16 15:25:00,2024-03-16 15:25:00,A,MUC,MUNICH,GERMANY,3,NOT FINAL
IZ,162,2024-03-16 15:30:00,2024-03-16 15:30:00,A,LCA,LARNACA,CYPRUS,3,NOT FINAL
AC,9020,2024-03-16 15:40:00,2024-03-16 15:40:00,A,FRA,FRANKFURT,GERMANY,3,NOT FINAL
LH,686,2024-03-16 15:40:00,2024-03-16 15:40:00,A,FRA,FRANKFURT,GERMANY,3,NOT FINAL
NH,5459,2024-03-16 15:40:00,2024-03-16 15:40:00,A,FRA,FRANKFURT,GERMANY,3,NOT FINAL
SN,7173,2024-03-16 15:40:00,2024-03-16 15:40:00,A,FRA,FRANKFURT,GERMANY,3,NOT FINAL
UA,9120,2024-03-16 15:40:00,2024-03-16 15:40:00,A,FRA,FRANKFURT,GERMANY,3,NOT FINAL
6H,142,2024-03-16 15:40:00,2024-03-16 15:40:00,A,GNB,GRENOBLE,FRANCE,3,NOT FINAL
LH,680,2024-03-16 16:05:00,2024-03-16 16:05:00,A,MUC,MUNICH,GERMANY,3,NOT FINAL
SN,7171,2024-03-16 16:05:00,2024-03-16 16:05:00,A,MUC,MUNICH,GERMANY,3,NOT FINAL
UA,9471,2024-03-16 16:05:00,2024-03-16 16:05:00,A,MUC,MUNICH,GERMANY,3,NOT FINAL
IZ,211,2024-03-16 16:30:00,2024-03-16 16:30:00,D,ATH,ATHENS,GREECE,3,ON TIME
LH,687,2024-03-16 16:45:00,2024-03-16 16:45:00,D,FRA,FRANKFURT,GERMANY,3,ON TIME
SN,7174,2024-03-16 16:45:00,2024-03-16 16:45:00,D,FRA,FRANKFURT,GERMANY,3,ON TIME
UA,9123,2024-03-16 16:45:00,2024-03-16 16:45:00,D,FRA,FRANKFURT,GERMANY,3,ON TIME
IZ,828,2024-03-16 17:05:00,2024-03-16 17:05:00,A,ETM,RAMON,ISRAEL,3,NOT FINAL
LH,681,2024-03-16 17:10:00,2024-03-16 17:10:00,D,MUC,MUNICH,GERMANY,3,ON TIME
LX,252,2024-03-16 17:10:00,2024-03-16 17:10:00,A,ZRH,ZURICH,SWITZERLAND,3,NOT FINAL
SN,7172,2024-03-16 17:10:00,2024-03-16 17:10:00,D,MUC,MUNICH,GERMANY,3,ON TIME
