Airline,FlightNum,PlanTime,ActualTime,Direction,Airport,City,Country,Terminal,Status,TotalDelay
LY,842,2024-03-12 16:50:00,2024-03-12 17:20:00,A,LGG,LIEGE,BELGIUM,3,LANDED,30.0
AA,146,2024-03-12 17:30:00,2024-03-12 17:22:00,A,JFK,NEW YORK,UNITED STATES,3,LANDED,0.0
USF,RCH18,2024-03-12 17:30:00,2024-03-12 17:22:00,D,RMS,RAMSTEIN,GERMANY,3,CANCELED,0.0
AHS,N120L,2024-03-12 17:30:00,2024-03-12 17:22:00,D,TEB,TETERBORO,UNITED STATES,3,DEPARTED,0.0
LH,687,2024-03-12 17:30:00,2024-03-12 17:22:00,D,FRA,FRANKFURT,GERMANY,3,DEPARTED,0.0
AA,8379,2024-03-12 17:30:00,2024-03-12 17:22:00,A,AMS,AMSTERDAM,NETHERLANDS,3,LANDED,0.0
LY,338,2024-03-12 17:15:00,2024-03-12 17:26:00,A,AMS,AMSTERDAM,NETHERLANDS,3,LANDED,11.0
LAU,9HSIS,2024-03-12 17:15:00,2024-03-12 17:26:00,D,WAW,WARSAW,POLAND,3,DEPARTED,11.0
460,4XCMC,2024-03-12 16:40:00,2024-03-12 17:29:00,D,BCM,BACAU,ROMANIA,3,DEPARTED,49.0
6H,665,2024-03-12 16:40:00,2024-03-12 17:29:00,D,DXB,DUBAI,UNITED ARAB EMIRATES,3,CANCELED,49.0
AC,2359,2024-03-12 17:25:00,2024-03-12 17:35:00,A,SNN,SHANNON,IRELAND,3,LANDED,10.0
FR,6472,2024-03-12 17:25:00,2024-03-12 17:35:00,A,BER,BERLIN,GERMANY,3,LANDED,10.0
LY,2373,2024-03-12 17:25:00,2024-03-12 17:35:00,D,BER,BERLIN,GERMANY,3,DEPARTED,10.0
LY,691,2024-03-12 16:30:00,2024-03-12 17:41:00,D,TBS,TBILISI,GEORGIA,3,DEPARTED,71.0
OS,861,2024-03-12 17:30:00,2024-03-12 17:45:00,A,VIE,VIENNA,AUSTRIA,3,LANDED,15.0
FR,4103,2024-03-12 17:50:00,2024-03-12 17:49:00,A,PFO,PAPHOS,CYPRUS,3,LANDED,0.0
AM,7862,2024-03-12 17:50:00,2024-03-12 17:49:00,D,MAD,MADRID,SPAIN,3,DEPARTED,0.0
AR,7873,2024-03-12 17:50:00,2024-03-12 17:49:00,D,MAD,MADRID,SPAIN,3,DEPARTED,0.0
IB,2396,2024-03-12 17:50:00,2024-03-12 17:49:00,D,MAD,MADRID,SPAIN,3,DEPARTED,0.0
LY,397,2024-03-12 17:50:00,2024-03-12 17:49:00,D,MAD,MADRID,SPAIN,3,DEPARTED,0.0
FR,2006,2024-03-12 18:00:00,2024-03-12 17:52:00,D,BGY,BERGAMO,ITALY,3,DEPARTED,0.0
LH,681,2024-03-12 17:50:00,2024-03-12 17:53:00,D,MUC,MUNICH,GERMANY,3,DEPARTED,3.0
EJU,3737,2024-03-12 17:45:00,2024-03-12 18:10:00,A,CDG,PARIS,FRANCE,3,LANDED,25.0
IZ,312,2024-03-12 18:00:00,2024-03-12 18:11:00,A,DME,MOSCOW,RUSSIAN FEDERATION,3,CANCELED,11.0
QAS,9HVCK,2024-03-12 18:00:00,2024-03-12 18:13:00,A,TIA,TIRANA,ALBANIA,3,LANDED,13.0
6H,046,2024-03-12 17:50:00,2024-03-12 18:39:00,A,ETM,RAMON,ISRAEL,1,LANDED,49.0
QAS,DCFIV,2024-03-12 18:55:00,2024-03-12 18:53:00,D,KID,KRISTIANSTAD,SWEDEN,3,DEPARTED,0.0
LY,571,2024-03-12 18:50:00,2024-03-12 18:54:00,D,OTP,BUCHAREST,ROMANIA,3,DEPARTED,4.0
TO,3939,2024-03-12 19:25:00,2024-03-12 19:35:00,D,ORY,PARIS,FRANCE,1,DEPARTED,10.0
VY,7844,2024-03-12 18:55:00,2024-03-12 19:35:00,A,BCN,BARCELONA,SPAIN,3,LANDED,40.0
LX,252,2024-03-12 19:50:00,2024-03-12 19:53:00,A,ZRH,ZURICH,SWITZERLAND,3,LANDED,3.0
IZ,814,2024-03-12 20:00:00,2024-03-12 20:10:00,A,ETM,RAMON,ISRAEL,1,LANDED,10.0
TK,6246,2024-03-12 19:40:00,2024-03-12 20:16:00,A,IST,ISTANBUL,TURKEY,3,LANDED,36.0
EZY,2085,2024-03-12 20:30:00,2024-03-12 20:21:00,A,LTN,LONDON LUTON,UNITED KINGDOM,3,LANDED,0.0
LY,5060,2024-03-12 20:05:00,2024-03-12 20:22:00,A,DXB,DUBAI,UNITED ARAB EMIRATES,3,CANCELED,17.0
IZ,1604,2024-03-12 20:05:00,2024-03-12 20:22:00,A,DXB,DUBAI,UNITED ARAB EMIRATES,3,LANDED,17.0
FR,6473,2024-03-12 20:05:00,2024-03-12 20:22:00,D,BER,BERLIN,GERMANY,3,DEPARTED,17.0
LY,2431,2024-03-12 20:05:00,2024-03-12 20:22:00,D,LCA,LARNACA,CYPRUS,3,DEPARTED,17.0
3V,4849,2024-03-12 20:20:00,2024-03-12 20:28:00,D,CDG,PARIS,FRANCE,3,DEPARTED,8.0
FR,4104,2024-03-12 20:15:00,2024-03-12 20:31:00,D,PFO,PAPHOS,CYPRUS,3,DEPARTED,16.0
IZ,821,2024-03-12 20:00:00,2024-03-12 20:33:00,D,ETM,RAMON,ISRAEL,1,DEPARTED,33.0
5X,267,2024-03-12 20:00:00,2024-03-12 20:36:00,A,LCA,LARNACA,CYPRUS,3,LANDED,36.0
LH,694,2024-03-12 20:00:00,2024-03-12 20:36:00,A,FRA,FRANKFURT,GERMANY,3,LANDED,36.0
AHS,VPCSB,2024-03-12 20:00:00,2024-03-12 20:36:00,A,ATH,ATHENS,GREECE,3,LANDED,36.0
LY,821,2024-03-12 20:00:00,2024-03-12 20:36:00,D,LGG,LIEGE,BELGIUM,3,DEPARTED,36.0
AA,8390,2024-03-12 20:55:00,2024-03-12 20:52:00,A,BCN,BARCELONA,SPAIN,3,LANDED,0.0
IB,2393,2024-03-12 20:55:00,2024-03-12 20:52:00,A,BCN,BARCELONA,SPAIN,3,LANDED,0.0
LY,394,2024-03-12 21:05:00,2024-03-12 21:01:00,A,BCN,BARCELONA,SPAIN,3,LANDED,0.0
JU,8254,2024-03-12 21:05:00,2024-03-12 21:01:00,A,IST,ISTANBUL,TURKEY,3,LANDED,0.0
TK,788,2024-03-12 20:20:00,2024-03-12 21:13:00,A,IST,ISTANBUL,TURKEY,3,LANDED,53.0
A9,699,2024-03-12 21:10:00,2024-03-12 21:24:00,A,TBS,TBILISI,GEORGIA,3,LANDED,14.0
FR,5525,2024-03-12 20:30:00,2024-03-12 21:40:00,A,SKG,THESSALONIKI,GREECE,3,LANDED,70.0
IZ,827,2024-03-12 21:35:00,2024-03-12 21:43:00,D,ETM,RAMON,ISRAEL,1,DEPARTED,8.0
EZY,1827,2024-03-12 21:45:00,2024-03-12 22:09:00,A,MAN,MANCHESTER,UNITED KINGDOM,3,LANDED,24.0
UA,954,2024-03-12 22:05:00,2024-03-12 22:10:00,A,SFO,SAN FRANCISCO,UNITED STATES,3,LANDED,5.0
EJU,3738,2024-03-12 22:45:00,2024-03-12 22:12:00,D,CDG,PARIS,FRANCE,3,DEPARTED,0.0
AA,8376,2024-03-12 22:55:00,2024-03-12 22:40:00,A,CDG,PARIS,FRANCE,3,LANDED,0.0
LY,324,2024-03-12 22:05:00,2024-03-12 22:46:00,A,CDG,PARIS,FRANCE,3,LANDED,41.0
6H,457,2024-03-12 23:00:00,2024-03-12 23:07:00,D,ETM,RAMON,ISRAEL,1,DEPARTED,7.0
LX,253,2024-03-12 23:10:00,2024-03-12 23:11:00,D,ZRH,ZURICH,SWITZERLAND,3,DEPARTED,1.0
SU,509,2024-03-12 22:25:00,2024-03-12 23:27:00,D,SVO,MOSCOW,RUSSIAN FEDERATION,1,DEPARTED,62.0
VY,7845,2024-03-13 00:45:00,2024-03-12 23:55:00,D,BCN,BARCELONA,SPAIN,1,DEPARTED,0.0
FR,6768,2024-03-13 00:00:00,2024-03-13 00:09:00,A,BUD,BUDAPEST,HUNGARY,3,LANDED,9.0
TK,6247,2024-03-13 00:35:00,2024-03-13 00:15:00,D,IST,ISTANBUL,TURKEY,3,DEPARTED,0.0
QAS,MSAGI,2024-03-13 00:35:00,2024-03-13 00:15:00,D,LCA,LARNACA,CYPRUS,3,CANCELED,0.0
EZY,2086,2024-03-12 23:50:00,2024-03-13 00:27:00,D,LTN,LONDON LUTON,UNITED KINGDOM,3,DEPARTED,37.0
LY,051,2024-03-13 00:30:00,2024-03-13 00:30:00,D,JNB,JOHANNESBURG,SOUTH AFRICA,3,DEPARTED,0.0
QF,5024,2024-03-13 00:35:00,2024-03-13 00:32:00,D,JNB,JOHANNESBURG,SOUTH AFRICA,3,DEPARTED,0.0
QAS,FHGLG,2024-03-13 00:35:00,2024-03-13 00:36:00,A,CFE,CLERMOND FERR'D,FRANCE,3,LANDED,1.0
QAS,T7SBR,2024-03-13 00:20:00,2024-03-13 00:49:00,A,VRN,VERONA,ITALY,3,LANDED,29.0
LY,612,2024-03-13 00:45:00,2024-03-13 01:02:00,A,DME,MOSCOW,RUSSIAN FEDERATION,3,LANDED,17.0
S7,4483,2024-03-13 00:45:00,2024-03-13 01:02:00,A,DME,MOSCOW,RUSSIAN FEDERATION,3,LANDED,17.0
QY,961,2024-03-13 00:45:00,2024-03-13 01:02:00,D,LEJ,LEIPZIG,GERMANY,3,DEPARTED,17.0
LY,974,2024-03-13 00:45:00,2024-03-13 01:02:00,A,DXB,DUBAI,UNITED ARAB EMIRATES,3,LANDED,17.0
AA,8372,2024-03-13 00:45:00,2024-03-13 01:02:00,A,LHR,LONDON,UNITED KINGDOM,3,LANDED,17.0
LY,316,2024-03-13 00:55:00,2024-03-13 01:05:00,A,LHR,LONDON,UNITED KINGDOM,3,LANDED,10.0
311,T7CPX,2024-03-13 00:55:00,2024-03-13 01:05:00,A,CMF,CHAMBERY,FRANCE,3,LANDED,10.0
A9,700,2024-03-13 00:55:00,2024-03-13 01:05:00,D,TBS,TBILISI,GEORGIA,1,DEPARTED,10.0
LY,543,2024-03-13 00:05:00,2024-03-13 01:07:00,D,ATH,ATHENS,GREECE,3,DEPARTED,62.0
PC,785,2024-03-13 00:05:00,2024-03-13 01:07:00,A,SAW,ISTANBUL,TURKEY,3,LANDED,62.0
EZY,1828,2024-03-13 00:05:00,2024-03-13 01:07:00,D,MAN,MANCHESTER,UNITED KINGDOM,3,DEPARTED,62.0
IZ,822,2024-03-13 00:10:00,2024-03-13 01:10:00,A,ETM,RAMON,ISRAEL,1,LANDED,60.0
FR,5526,2024-03-13 00:10:00,2024-03-13 01:10:00,D,SKG,THESSALONIKI,GREECE,3,DEPARTED,60.0
U8,102,2024-03-13 00:45:00,2024-03-13 01:12:00,A,LCA,LARNACA,CYPRUS,3,LANDED,27.0
6H,722,2024-03-13 00:45:00,2024-03-13 01:12:00,A,SOF,SOFIA,BULGARIA,3,LANDED,27.0
IZ,828,2024-03-13 00:45:00,2024-03-13 01:12:00,A,ETM,RAMON,ISRAEL,1,LANDED,27.0
TK,789,2024-03-13 00:45:00,2024-03-13 01:12:00,D,IST,ISTANBUL,TURKEY,3,DEPARTED,27.0
5X,267,2024-03-13 01:20:00,2024-03-13 01:16:00,D,CGN,COLOGNE,GERMANY,3,DEPARTED,0.0
LY,2432,2024-03-13 01:30:00,2024-03-13 01:18:00,A,LCA,LARNACA,CYPRUS,3,LANDED,0.0
FR,6769,2024-03-13 01:00:00,2024-03-13 01:23:00,D,BUD,BUDAPEST,HUNGARY,3,DEPARTED,23.0
JU,8255,2024-03-13 01:00:00,2024-03-13 01:23:00,A,IST,ISTANBUL,TURKEY,3,LANDED,23.0
TK,790,2024-03-13 01:00:00,2024-03-13 01:23:00,A,IST,ISTANBUL,TURKEY,3,LANDED,23.0
6H,458,2024-03-13 01:00:00,2024-03-13 01:23:00,A,ETM,RAMON,ISRAEL,1,LANDED,23.0
AHS,OELML,2024-03-13 01:00:00,2024-03-13 01:26:00,A,LBG,PARIS,FRANCE,3,CANCELED,26.0
QAS,DAGBF,2024-03-13 01:00:00,2024-03-13 01:26:00,A,MUC,MUNICH,GERMANY,3,LANDED,26.0
AA,8850,2024-03-13 01:00:00,2024-03-13 01:26:00,A,MAD,MADRID,SPAIN,3,LANDED,26.0
IB,3316,2024-03-13 01:30:00,2024-03-13 01:38:00,A,MAD,MADRID,SPAIN,3,LANDED,8.0
LY,8396,2024-03-13 01:30:00,2024-03-13 01:38:00,A,MAD,MADRID,SPAIN,3,LANDED,8.0
VY,5269,2024-03-13 02:45:00,2024-03-13 02:32:00,A,MAD,MADRID,SPAIN,3,LANDED,0.0
TK,7710,2024-03-13 03:00:00,2024-03-13 02:36:00,A,SAW,ISTANBUL,TURKEY,3,LANDED,0.0
QAS,MSAGI,2024-03-13 03:00:00,2024-03-13 02:36:00,A,LCA,LARNACA,CYPRUS,3,CANCELED,0.0
LY,081,2024-03-13 02:30:00,2024-03-13 02:59:00,D,BKK,BANGKOK,THAILAND,3,DEPARTED,29.0
QF,5020,2024-03-13 02:30:00,2024-03-13 02:59:00,D,BKK,BANGKOK,THAILAND,3,DEPARTED,29.0
TG,4584,2024-03-13 02:55:00,2024-03-13 03:12:00,D,BKK,BANGKOK,THAILAND,3,DEPARTED,17.0
VN,3298,2024-03-13 02:55:00,2024-03-13 03:12:00,D,BKK,BANGKOK,THAILAND,3,DEPARTED,17.0
HM,022,2024-03-13 02:55:00,2024-03-13 03:12:00,A,SEZ,MAHE SEYCHELLES,SEYCHELLES,3,LANDED,17.0
IZ,297,2024-03-13 03:20:00,2024-03-13 03:20:00,D,IAS,IASI,ROMANIA,1,DEPARTED,0.0
VJT,9HVCD,2024-03-13 03:40:00,2024-03-13 03:28:00,A,LIN,MILAN,ITALY,3,LANDED,0.0
RO,153,2024-03-13 03:55:00,2024-03-13 03:40:00,A,OTP,BUCHAREST,ROMANIA,3,LANDED,0.0
LAU,9HAMY,2024-03-13 03:55:00,2024-03-13 03:40:00,A,LTN,LONDON LUTON,UNITED KINGDOM,3,LANDED,0.0
EK,2367,2024-03-13 03:55:00,2024-03-13 03:40:00,A,DXB,DUBAI,UNITED ARAB EMIRATES,3,LANDED,0.0
FZ,1627,2024-03-13 03:45:00,2024-03-13 03:45:00,A,DXB,DUBAI,UNITED ARAB EMIRATES,3,LANDED,0.0
5W,7085,2024-03-13 03:45:00,2024-03-13 03:45:00,A,AUH,ABU DHABI,UNITED ARAB EMIRATES,3,LANDED,0.0
AA,053,2024-03-13 03:35:00,2024-03-13 03:55:00,D,MIA,MIAMI,UNITED STATES,3,DEPARTED,20.0
UA,091,2024-03-13 03:20:00,2024-03-13 04:25:00,D,EWR,NEWARK,UNITED STATES,3,DEPARTED,65.0
AY,1979,2024-03-13 05:05:00,2024-03-13 04:26:00,A,HEL,HELSINKI,FINLAND,3,LANDED,0.0
LY,618,2024-03-13 05:05:00,2024-03-13 04:26:00,A,DME,MOSCOW,RUSSIAN FEDERATION,3,LANDED,0.0
LY,692,2024-03-13 05:05:00,2024-03-13 04:26:00,A,TBS,TBILISI,GEORGIA,3,LANDED,0.0
EK,2345,2024-03-13 05:05:00,2024-03-13 04:26:00,A,DXB,DUBAI,UNITED ARAB EMIRATES,3,LANDED,0.0
FZ,1807,2024-03-13 04:35:00,2024-03-13 04:31:00,A,DXB,DUBAI,UNITED ARAB EMIRATES,3,LANDED,0.0
PC,779,2024-03-13 05:05:00,2024-03-13 04:53:00,A,SAW,ISTANBUL,TURKEY,3,LANDED,0.0
6H,662,2024-03-13 05:15:00,2024-03-13 05:30:00,A,DXB,DUBAI,UNITED ARAB EMIRATES,3,CANCELED,15.0
460,4XCMC,2024-03-13 05:15:00,2024-03-13 05:30:00,A,BCM,BACAU,ROMANIA,3,LANDED,15.0
LY,364,2024-03-13 05:15:00,2024-03-13 05:30:00,A,VIE,VIENNA,AUSTRIA,3,LANDED,15.0
DL,235,2024-03-13 05:20:00,2024-03-13 05:32:00,D,JFK,NEW YORK,UNITED STATES,3,DEPARTED,12.0
JU,8256,2024-03-13 05:20:00,2024-03-13 05:32:00,D,IST,ISTANBUL,TURKEY,3,DEPARTED,12.0
TK,791,2024-03-13 05:20:00,2024-03-13 05:39:00,D,IST,ISTANBUL,TURKEY,3,DEPARTED,19.0
QAS,N451C,2024-03-13 05:20:00,2024-03-13 05:39:00,D,FAR,FARO,UNITED STATES,3,DEPARTED,19.0
RO,154,2024-03-13 06:15:00,2024-03-13 05:54:00,D,OTP,BUCHAREST,ROMANIA,1,DEPARTED,0.0
LY,572,2024-03-13 06:15:00,2024-03-13 05:54:00,A,OTP,BUCHAREST,ROMANIA,3,LANDED,0.0
A3,928,2024-03-13 06:15:00,2024-03-13 05:54:00,A,ATH,ATHENS,GREECE,3,LANDED,0.0
341,4XCUZ,2024-03-13 06:15:00,2024-03-13 05:54:00,A,RIX,RIGA,LATVIA,3,LANDED,0.0
LAU,N1916,2024-03-13 06:35:00,2024-03-13 06:07:00,D,IAS,IASI,ROMANIA,3,DEPARTED,0.0
LY,5458,2024-03-13 06:35:00,2024-03-13 06:07:00,A,IAS,IASI,ROMANIA,3,LANDED,0.0
EK,2368,2024-03-13 06:35:00,2024-03-13 06:07:00,D,DXB,DUBAI,UNITED ARAB EMIRATES,1,DEPARTED,0.0
FZ,1628,2024-03-13 05:35:00,2024-03-13 06:08:00,D,DXB,DUBAI,UNITED ARAB EMIRATES,1,DEPARTED,33.0
IZ,626,2024-03-13 06:00:00,2024-03-13 06:17:00,A,BBK,KASANE INTERNAT,BOTSWANA,3,LANDED,17.0
5W,7086,2024-03-13 06:00:00,2024-03-13 06:17:00,D,AUH,ABU DHABI,UNITED ARAB EMIRATES,1,DEPARTED,17.0
AA,145,2024-03-13 05:50:00,2024-03-13 06:19:00,D,JFK,NEW YORK,UNITED STATES,3,DEPARTED,29.0
AY,1980,2024-03-13 05:50:00,2024-03-13 06:19:00,D,HEL,HELSINKI,FINLAND,1,DEPARTED,29.0
ET,405,2024-03-13 05:50:00,2024-03-13 06:19:00,D,ADD,ADDIS ABABA,ETHIOPIA,3,DEPARTED,29.0
LY,8807,2024-03-13 05:50:00,2024-03-13 06:19:00,D,ADD,ADDIS ABABA,ETHIOPIA,3,DEPARTED,29.0
AM,7869,2024-03-13 05:55:00,2024-03-13 06:23:00,D,JFK,NEW YORK,UNITED STATES,3,DEPARTED,28.0
AR,7853,2024-03-13 05:55:00,2024-03-13 06:23:00,D,JFK,NEW YORK,UNITED STATES,3,DEPARTED,28.0
LY,001,2024-03-13 05:55:00,2024-03-13 06:23:00,D,JFK,NEW YORK,UNITED STATES,3,DEPARTED,28.0
UA,955,2024-03-13 06:10:00,2024-03-13 06:26:00,D,SFO,SAN FRANCISCO,UNITED STATES,3,DEPARTED,16.0
LY,027,2024-03-13 06:10:00,2024-03-13 06:28:00,D,EWR,NEWARK,UNITED STATES,3,DEPARTED,18.0
AR,7851,2024-03-13 06:10:00,2024-03-13 06:28:00,D,MIA,MIAMI,UNITED STATES,3,DEPARTED,18.0
LY,017,2024-03-13 06:10:00,2024-03-13 06:28:00,D,MIA,MIAMI,UNITED STATES,3,DEPARTED,18.0
LY,616,2024-03-13 06:10:00,2024-03-13 06:28:00,A,DME,MOSCOW,RUSSIAN FEDERATION,3,LANDED,18.0
AM,7875,2024-03-13 05:55:00,2024-03-13 06:35:00,D,LAX,LOS ANGELES,UNITED STATES,3,DEPARTED,40.0
LY,005,2024-03-13 05:55:00,2024-03-13 06:35:00,D,LAX,LOS ANGELES,UNITED STATES,3,DEPARTED,40.0
EK,2346,2024-03-13 06:30:00,2024-03-13 06:37:00,D,DXB,DUBAI,UNITED ARAB EMIRATES,1,DEPARTED,7.0
FZ,1808,2024-03-13 06:30:00,2024-03-13 06:39:00,D,DXB,DUBAI,UNITED ARAB EMIRATES,1,DEPARTED,9.0
LY,544,2024-03-13 06:50:00,2024-03-13 06:44:00,A,ATH,ATHENS,GREECE,3,LANDED,0.0
FB,571,2024-03-13 06:15:00,2024-03-13 06:45:00,A,SOF,SOFIA,BULGARIA,3,LANDED,30.0
6H,666,2024-03-13 06:15:00,2024-03-13 06:45:00,A,DXB,DUBAI,UNITED ARAB EMIRATES,3,CANCELED,30.0
AF,8425,2024-03-13 06:15:00,2024-03-13 06:45:00,A,AMS,AMSTERDAM,NETHERLANDS,3,LANDED,30.0
DL,9575,2024-03-13 06:15:00,2024-03-13 06:45:00,A,AMS,AMSTERDAM,NETHERLANDS,3,LANDED,30.0
KL,461,2024-03-13 06:15:00,2024-03-13 06:45:00,A,AMS,AMSTERDAM,NETHERLANDS,3,LANDED,30.0
KQ,1461,2024-03-13 06:30:00,2024-03-13 06:49:00,A,AMS,AMSTERDAM,NETHERLANDS,3,LANDED,19.0
LH,682,2024-03-13 06:30:00,2024-03-13 06:49:00,A,MUC,MUNICH,GERMANY,3,LANDED,19.0
TK,810,2024-03-13 06:50:00,2024-03-13 06:59:00,A,IST,ISTANBUL,TURKEY,3,LANDED,9.0
AA,8373,2024-03-13 06:50:00,2024-03-13 06:59:00,A,LHR,LONDON,UNITED KINGDOM,3,LANDED,9.0
AM,7876,2024-03-13 06:50:00,2024-03-13 06:59:00,A,LHR,LONDON,UNITED KINGDOM,3,LANDED,9.0
LY,318,2024-03-13 06:50:00,2024-03-13 07:03:00,A,LHR,LONDON,UNITED KINGDOM,3,LANDED,13.0
ET,404,2024-03-13 06:50:00,2024-03-13 07:07:00,A,ADD,ADDIS ABABA,ETHIOPIA,3,LANDED,17.0
LY,8804,2024-03-13 07:00:00,2024-03-13 07:15:00,A,ADD,ADDIS ABABA,ETHIOPIA,3,LANDED,15.0
LY,2374,2024-03-13 07:00:00,2024-03-13 07:17:00,A,BER,BERLIN,GERMANY,3,LANDED,17.0
AZ,810,2024-03-13 07:00:00,2024-03-13 07:21:00,A,FCO,ROME,ITALY,3,LANDED,21.0
LX,256,2024-03-13 07:10:00,2024-03-13 07:28:00,A,ZRH,ZURICH,SWITZERLAND,3,LANDED,18.0
AM,7854,2024-03-13 06:55:00,2024-03-13 07:30:00,A,CDG,PARIS,FRANCE,3,LANDED,35.0
LY,326,2024-03-13 07:05:00,2024-03-13 07:33:00,A,CDG,PARIS,FRANCE,3,LANDED,28.0
LY,614,2024-03-13 06:25:00,2024-03-13 07:42:00,A,DME,MOSCOW,RUSSIAN FEDERATION,3,LANDED,77.0
DL,5937,2024-03-13 06:25:00,2024-03-13 07:42:00,A,LHR,LONDON,UNITED KINGDOM,3,LANDED,77.0
VS,453,2024-03-13 08:20:00,2024-03-13 07:59:00,A,LHR,LONDON,UNITED KINGDOM,3,LANDED,0.0
LO,151,2024-03-13 07:30:00,2024-03-13 08:02:00,A,WAW,WARSAW,POLAND,3,LANDED,32.0
LY,376,2024-03-13 07:20:00,2024-03-13 08:08:00,A,LIS,LISBON,PORTUGAL,3,LANDED,48.0
TP,8913,2024-03-13 08:00:00,2024-03-13 08:10:00,A,LIS,LISBON,PORTUGAL,3,LANDED,10.0
OK,5288,2024-03-13 07:45:00,2024-03-13 08:13:00,A,PRG,PRAGUE,CZECH REPUBLIC,3,LANDED,28.0
QS,1286,2024-03-13 07:30:00,2024-03-13 08:16:00,A,PRG,PRAGUE,CZECH REPUBLIC,3,LANDED,46.0
6H,7768,2024-03-13 08:05:00,2024-03-13 08:24:00,A,PRG,PRAGUE,CZECH REPUBLIC,3,LANDED,19.0
AM,7878,2024-03-13 08:05:00,2024-03-13 08:24:00,A,MAD,MADRID,SPAIN,3,LANDED,19.0
AR,7870,2024-03-13 08:05:00,2024-03-13 08:25:00,A,MAD,MADRID,SPAIN,3,LANDED,20.0
IB,2397,2024-03-13 08:20:00,2024-03-13 08:31:00,A,MAD,MADRID,SPAIN,3,LANDED,11.0
LY,398,2024-03-13 08:20:00,2024-03-13 08:31:00,A,MAD,MADRID,SPAIN,3,LANDED,11.0
FX,5065,2024-03-13 09:05:00,2024-03-13 08:40:00,A,CGN,COLOGNE,GERMANY,3,LANDED,0.0
AZ,809,2024-03-13 09:05:00,2024-03-13 08:40:00,D,FCO,ROME,ITALY,3,DEPARTED,0.0
DL,6655,2024-03-13 09:05:00,2024-03-13 08:40:00,D,FCO,ROME,ITALY,3,DEPARTED,0.0
AF,8424,2024-03-13 09:05:00,2024-03-13 08:40:00,D,AMS,AMSTERDAM,NETHERLANDS,3,DEPARTED,0.0
DL,9690,2024-03-13 08:45:00,2024-03-13 08:51:00,D,AMS,AMSTERDAM,NETHERLANDS,3,DEPARTED,6.0
KL,462,2024-03-13 08:35:00,2024-03-13 09:04:00,D,AMS,AMSTERDAM,NETHERLANDS,3,DEPARTED,29.0
KQ,1462,2024-03-13 08:45:00,2024-03-13 09:09:00,D,AMS,AMSTERDAM,NETHERLANDS,3,DEPARTED,24.0
PC,786,2024-03-13 09:00:00,2024-03-13 09:15:00,D,SAW,ISTANBUL,TURKEY,3,DEPARTED,15.0
LH,691,2024-03-13 09:00:00,2024-03-13 09:15:00,D,FRA,FRANKFURT,GERMANY,3,DEPARTED,15.0
A3,929,2024-03-13 09:00:00,2024-03-13 09:15:00,D,ATH,ATHENS,GREECE,3,DEPARTED,15.0
IZ,298,2024-03-13 09:15:00,2024-03-13 09:31:00,A,IAS,IASI,ROMANIA,3,LANDED,16.0
LO,152,2024-03-13 09:15:00,2024-03-13 09:31:00,D,WAW,WARSAW,POLAND,3,DEPARTED,16.0
LY,554,2024-03-13 09:15:00,2024-03-13 09:31:00,A,RAK,MARRAKESH,MOROCCO,3,LANDED,16.0
6H,425,2024-03-13 09:15:00,2024-03-13 09:31:00,D,ETM,RAMON,ISRAEL,1,CANCELED,16.0
AA,8374,2024-03-13 09:30:00,2024-03-13 09:42:00,D,CDG,PARIS,FRANCE,3,DEPARTED,12.0
LY,319,2024-03-13 09:30:00,2024-03-13 09:42:00,D,CDG,PARIS,FRANCE,3,DEPARTED,12.0
IZ,551,2024-03-13 09:20:00,2024-03-13 09:50:00,D,RVN,ROVANIEMI,FINLAND,3,DEPARTED,30.0
DL,5936,2024-03-13 09:20:00,2024-03-13 09:50:00,D,LHR,LONDON,UNITED KINGDOM,3,DEPARTED,30.0
VS,454,2024-03-13 10:10:00,2024-03-13 09:53:00,D,LHR,LONDON,UNITED KINGDOM,3,DEPARTED,0.0
AA,8851,2024-03-13 10:00:00,2024-03-13 10:00:00,D,MAD,MADRID,SPAIN,3,DEPARTED,0.0
IB,3317,2024-03-13 09:40:00,2024-03-13 10:04:00,D,MAD,MADRID,SPAIN,3,DEPARTED,24.0
LY,8397,2024-03-13 10:00:00,2024-03-13 10:11:00,D,MAD,MADRID,SPAIN,3,DEPARTED,11.0
VY,5270,2024-03-13 10:15:00,2024-03-13 10:24:00,D,MAD,MADRID,SPAIN,3,DEPARTED,9.0
AA,8388,2024-03-13 10:00:00,2024-03-13 10:24:00,D,FCO,ROME,ITALY,3,DEPARTED,24.0
AR,7877,2024-03-13 10:25:00,2024-03-13 10:28:00,D,FCO,ROME,ITALY,3,DEPARTED,3.0
LY,385,2024-03-13 10:20:00,2024-03-13 10:34:00,D,FCO,ROME,ITALY,3,DEPARTED,14.0
TP,8898,2024-03-13 10:30:00,2024-03-13 10:44:00,D,FCO,ROME,ITALY,3,DEPARTED,14.0
IZ,603,2024-03-13 10:20:00,2024-03-13 10:48:00,D,DXB,DUBAI,UNITED ARAB EMIRATES,3,DEPARTED,28.0
TK,7711,2024-03-13 10:20:00,2024-03-13 10:48:00,D,SAW,ISTANBUL,TURKEY,3,DEPARTED,28.0
OS,860,2024-03-13 10:20:00,2024-03-13 10:48:00,D,VIE,VIENNA,AUSTRIA,3,DEPARTED,28.0
AR,7850,2024-03-13 10:20:00,2024-03-13 10:48:00,A,MIA,MIAMI,UNITED STATES,3,LANDED,28.0
LY,018,2024-03-13 10:20:00,2024-03-13 10:48:00,A,MIA,MIAMI,UNITED STATES,3,LANDED,28.0
LAU,N800T,2024-03-13 10:55:00,2024-03-13 11:05:00,D,BAH,BAHRAIN,BAHRAIN,3,DEPARTED,10.0
FB,572,2024-03-13 11:15:00,2024-03-13 11:15:00,D,SOF,SOFIA,BULGARIA,3,DEPARTED,0.0
6H,041,2024-03-13 11:20:00,2024-03-13 11:20:00,D,ETM,RAMON,ISRAEL,1,DEPARTED,0.0
IZ,801,2024-03-13 11:20:00,2024-03-13 11:20:00,D,ETM,RAMON,ISRAEL,1,DEPARTED,0.0
SU,500,2024-03-13 10:45:00,2024-03-13 11:32:00,A,SVO,MOSCOW,RUSSIAN FEDERATION,3,CANCELED,47.0
U8,103,2024-03-13 10:45:00,2024-03-13 11:32:00,D,LCA,LARNACA,CYPRUS,3,DEPARTED,47.0
AA,8385,2024-03-13 12:00:00,2024-03-13 11:49:00,D,MXP,MILAN,ITALY,3,DEPARTED,0.0
LY,381,2024-03-13 12:00:00,2024-03-13 11:49:00,D,MXP,MILAN,ITALY,3,DEPARTED,0.0
LH,683,2024-03-13 12:05:00,2024-03-13 11:55:00,D,MUC,MUNICH,GERMANY,3,DEPARTED,0.0
CX,675,2024-03-13 11:15:00,2024-03-13 11:56:00,A,HKG,HONG KONG,CHINA,3,LANDED,41.0
PC,780,2024-03-13 11:00:00,2024-03-13 12:04:00,D,SAW,ISTANBUL,TURKEY,3,DEPARTED,64.0
LY,541,2024-03-13 11:55:00,2024-03-13 12:13:00,D,ATH,ATHENS,GREECE,3,DEPARTED,18.0
TK,811,2024-03-13 11:55:00,2024-03-13 12:13:00,D,IST,ISTANBUL,TURKEY,3,DEPARTED,18.0
LY,551,2024-03-13 11:45:00,2024-03-13 12:18:00,D,SOF,SOFIA,BULGARIA,3,DEPARTED,33.0
LX,257,2024-03-13 12:05:00,2024-03-13 12:25:00,D,ZRH,ZURICH,SWITZERLAND,3,DEPARTED,20.0
HU,777,2024-03-13 12:30:00,2024-03-13 12:30:00,A,PVG,SHANGHAI PUDONG,CHINA,3,LANDED,0.0
QS,8287,2024-03-13 12:30:00,2024-03-13 12:30:00,D,PRG,PRAGUE,CZECH REPUBLIC,3,DEPARTED,0.0
6H,767,2024-03-13 12:30:00,2024-03-13 12:30:00,D,PRG,PRAGUE,CZECH REPUBLIC,3,DEPARTED,0.0
AHS,N99LE,2024-03-13 12:05:00,2024-03-13 12:33:00,D,ALL,ALBENGA,ITALY,3,CANCELED,28.0
LY,611,2024-03-13 12:25:00,2024-03-13 12:35:00,D,DME,MOSCOW,RUSSIAN FEDERATION,3,DEPARTED,10.0
S7,4482,2024-03-13 13:30:00,2024-03-13 12:58:00,D,DME,MOSCOW,RUSSIAN FEDERATION,3,DEPARTED,0.0
6H,421,2024-03-13 12:50:00,2024-03-13 13:05:00,D,ETM,RAMON,ISRAEL,1,DEPARTED,15.0
QAS,T7AIG,2024-03-13 12:50:00,2024-03-13 13:05:00,A,AZI,ABU DAHBI,UNITED ARAB EMIRATES,3,LANDED,15.0
6H,885,2024-03-13 13:35:00,2024-03-13 13:05:00,D,BUS,BATUMI,GEORGIA,3,DEPARTED,0.0
QAS,MMBLY,2024-03-13 12:50:00,2024-03-13 13:05:00,D,SMV,SAMEDAN,SWITZERLAND,3,DEPARTED,15.0
IZ,802,2024-03-13 12:50:00,2024-03-13 13:05:00,A,ETM,RAMON,ISRAEL,1,LANDED,15.0
UA,084,2024-03-13 13:35:00,2024-03-13 13:05:00,A,EWR,NEWARK,UNITED STATES,3,LANDED,0.0
TK,784,2024-03-13 13:00:00,2024-03-13 13:10:00,A,IST,ISTANBUL,TURKEY,3,LANDED,10.0
PC,795,2024-03-13 13:00:00,2024-03-13 13:10:00,A,SAW,ISTANBUL,TURKEY,3,LANDED,10.0
6H,225,2024-03-13 13:05:00,2024-03-13 13:13:00,D,RVN,ROVANIEMI,FINLAND,3,DEPARTED,8.0
LAU,OKEMA,2024-03-13 13:05:00,2024-03-13 13:13:00,D,PRG,PRAGUE,CZECH REPUBLIC,3,CANCELED,8.0
NJE,CSLTG,2024-03-13 13:35:00,2024-03-13 13:22:00,A,LCA,LARNACA,CYPRUS,3,CANCELED,0.0
QY,994,2024-03-13 13:25:00,2024-03-13 13:33:00,A,BRU,BRUSSELS,BELGIUM,3,LANDED,8.0
AHS,N99LE,2024-03-13 13:10:00,2024-03-13 13:34:00,D,ALL,ALBENGA,ITALY,3,DEPARTED,24.0
SU,501,2024-03-13 13:10:00,2024-03-13 13:34:00,D,SVO,MOSCOW,RUSSIAN FEDERATION,3,CANCELED,24.0
6H,426,2024-03-13 13:50:00,2024-03-13 13:37:00,A,ETM,RAMON,ISRAEL,1,CANCELED,0.0
6H,042,2024-03-13 13:50:00,2024-03-13 13:37:00,A,ETM,RAMON,ISRAEL,1,LANDED,0.0
6H,663,2024-03-13 13:50:00,2024-03-13 13:37:00,D,DXB,DUBAI,UNITED ARAB EMIRATES,3,CANCELED,0.0
LY,323,2024-03-13 13:10:00,2024-03-13 13:39:00,D,CDG,PARIS,FRANCE,3,DEPARTED,29.0
AA,8371,2024-03-13 13:40:00,2024-03-13 13:40:00,D,LHR,LONDON,UNITED KINGDOM,3,DEPARTED,0.0
AM,7863,2024-03-13 13:30:00,2024-03-13 13:47:00,D,LHR,LONDON,UNITED KINGDOM,3,DEPARTED,17.0
LY,315,2024-03-13 13:20:00,2024-03-13 13:48:00,D,LHR,LONDON,UNITED KINGDOM,3,DEPARTED,28.0
6H,661,2024-03-13 13:20:00,2024-03-13 13:48:00,D,DXB,DUBAI,UNITED ARAB EMIRATES,3,DEPARTED,28.0
LAU,9HDOM,2024-03-13 13:40:00,2024-03-13 13:53:00,D,GVA,GENEVA,SWITZERLAND,3,CANCELED,13.0
QY,960,2024-03-13 13:40:00,2024-03-13 13:53:00,A,LEJ,LEIPZIG,GERMANY,3,LANDED,13.0
LY,2365,2024-03-13 13:45:00,2024-03-13 14:03:00,D,BUD,BUDAPEST,HUNGARY,3,DEPARTED,18.0
FZ,1549,2024-03-13 14:20:00,2024-03-13 14:05:00,A,DXB,DUBAI,UNITED ARAB EMIRATES,3,CANCELED,0.0
311,4XCLL,2024-03-13 14:20:00,2024-03-13 14:09:00,D,PFO,PAPHOS,CYPRUS,3,DEPARTED,0.0
3U,3779,2024-03-13 14:20:00,2024-03-13 14:09:00,A,CTU,CHENGDU,CHINA,3,LANDED,0.0
AA,8389,2024-03-13 14:20:00,2024-03-13 14:09:00,D,BCN,BARCELONA,SPAIN,3,DEPARTED,0.0
AM,7891,2024-03-13 13:30:00,2024-03-13 14:14:00,D,BCN,BARCELONA,SPAIN,3,DEPARTED,44.0
IB,2392,2024-03-13 13:40:00,2024-03-13 14:15:00,D,BCN,BARCELONA,SPAIN,3,DEPARTED,35.0
LY,393,2024-03-13 14:30:00,2024-03-13 14:18:00,D,BCN,BARCELONA,SPAIN,3,DEPARTED,0.0
LAU,N944G,2024-03-13 14:30:00,2024-03-13 14:18:00,A,TEB,TETERBORO,UNITED STATES,3,LANDED,0.0
LY,2521,2024-03-13 14:00:00,2024-03-13 14:26:00,D,PRG,PRAGUE,CZECH REPUBLIC,3,DEPARTED,26.0
IZ,807,2024-03-13 14:05:00,2024-03-13 14:31:00,D,ETM,RAMON,ISRAEL,1,DEPARTED,26.0
NJE,CSLTJ,2024-03-13 14:55:00,2024-03-13 14:43:00,A,ATH,ATHENS,GREECE,3,LANDED,0.0
TK,7708,2024-03-13 14:45:00,2024-03-13 14:45:00,A,SAW,ISTANBUL,TURKEY,3,LANDED,0.0
LY,615,2024-03-13 14:55:00,2024-03-13 14:45:00,D,DME,MOSCOW,RUSSIAN FEDERATION,3,DEPARTED,0.0
FR,4083,2024-03-13 14:35:00,2024-03-13 14:46:00,A,KRK,KRAKOW,POLAND,3,LANDED,11.0
FR,7090,2024-03-13 14:35:00,2024-03-13 14:46:00,A,FCO,ROME,ITALY,3,LANDED,11.0
FR,7161,2024-03-13 15:00:00,2024-03-13 14:49:00,A,VIE,VIENNA,AUSTRIA,3,LANDED,0.0
FZ,1550,2024-03-13 13:45:00,2024-03-13 14:52:00,D,DXB,DUBAI,UNITED ARAB EMIRATES,3,CANCELED,67.0
NJE,CSLTG,2024-03-13 14:30:00,2024-03-13 14:54:00,D,SMV,SAMEDAN,SWITZERLAND,3,CANCELED,24.0
LY,1076,2024-03-13 14:20:00,2024-03-13 14:57:00,A,HKG,HONG KONG,CHINA,3,LANDED,37.0
6H,422,2024-03-13 14:20:00,2024-03-13 14:57:00,A,ETM,RAMON,ISRAEL,1,LANDED,37.0
QAS,9HVCK,2024-03-13 15:10:00,2024-03-13 15:02:00,D,GVA,GENEVA,SWITZERLAND,3,DEPARTED,0.0
AM,7868,2024-03-13 14:45:00,2024-03-13 15:02:00,A,JFK,NEW YORK,UNITED STATES,3,LANDED,17.0
AR,7852,2024-03-13 14:30:00,2024-03-13 15:04:00,A,JFK,NEW YORK,UNITED STATES,3,LANDED,34.0
LY,002,2024-03-13 15:30:00,2024-03-13 15:07:00,A,JFK,NEW YORK,UNITED STATES,3,LANDED,0.0
JU,8253,2024-03-13 15:05:00,2024-03-13 15:19:00,D,IST,ISTANBUL,TURKEY,3,DEPARTED,14.0
TK,785,2024-03-13 15:05:00,2024-03-13 15:19:00,D,IST,ISTANBUL,TURKEY,3,DEPARTED,14.0
PC,796,2024-03-13 15:35:00,2024-03-13 15:24:00,D,SAW,ISTANBUL,TURKEY,3,DEPARTED,0.0
311,N405L,2024-03-13 15:35:00,2024-03-13 15:24:00,D,LCA,LARNACA,CYPRUS,3,DEPARTED,0.0
LY,553,2024-03-13 14:20:00,2024-03-13 15:29:00,D,RAK,MARRAKESH,MOROCCO,3,DEPARTED,69.0
6H,441,2024-03-13 14:20:00,2024-03-13 15:29:00,D,ETM,RAMON,ISRAEL,1,DEPARTED,69.0
FR,6754,2024-03-13 15:50:00,2024-03-13 15:40:00,A,BUD,BUDAPEST,HUNGARY,3,LANDED,0.0
AHS,OELML,2024-03-13 16:05:00,2024-03-13 15:42:00,D,LBG,PARIS,FRANCE,3,CANCELED,0.0
FR,2005,2024-03-13 16:00:00,2024-03-13 15:51:00,A,BGY,BERGAMO,ITALY,3,LANDED,0.0
3V,4848,2024-03-13 15:00:00,2024-03-13 15:52:00,A,VIE,VIENNA,AUSTRIA,3,LANDED,52.0
FR,2836,2024-03-13 15:50:00,2024-03-13 15:57:00,A,VNO,VILNIUS,LITHUANIA,3,LANDED,7.0
XC,455,2024-03-13 15:35:00,2024-03-13 15:58:00,A,AYT,ANTALYA,TURKEY,3,LANDED,23.0
AHS,LZBRU,2024-03-13 14:45:00,2024-03-13 15:59:00,A,LCA,LARNACA,CYPRUS,3,LANDED,74.0
TWI,503,2024-03-13 15:45:00,2024-03-13 16:03:00,A,AYT,ANTALYA,TURKEY,3,LANDED,18.0
311,4XCLL,2024-03-13 16:10:00,2024-03-13 16:09:00,A,PFO,PAPHOS,CYPRUS,3,LANDED,0.0
FR,4084,2024-03-13 16:10:00,2024-03-13 16:09:00,D,KRK,KRAKOW,POLAND,3,DEPARTED,0.0
EJU,2563,2024-03-13 16:10:00,2024-03-13 16:09:00,A,MXP,MILAN,ITALY,3,LANDED,0.0
LAU,OKEMA,2024-03-13 16:10:00,2024-03-13 16:09:00,D,LCA,LARNACA,CYPRUS,3,DEPARTED,0.0
FR,7162,2024-03-13 16:10:00,2024-03-13 16:09:00,D,VIE,VIENNA,AUSTRIA,3,DEPARTED,0.0
EZS,1525,2024-03-13 16:00:00,2024-03-13 16:12:00,A,GVA,GENEVA,SWITZERLAND,3,LANDED,12.0
EJU,5201,2024-03-13 16:00:00,2024-03-13 16:12:00,A,BER,BERLIN,GERMANY,3,LANDED,12.0
NJE,CSLTJ,2024-03-13 15:55:00,2024-03-13 16:12:00,D,SMV,SAMEDAN,SWITZERLAND,3,DEPARTED,17.0
EK,2363,2024-03-13 16:05:00,2024-03-13 16:14:00,A,DXB,DUBAI,UNITED ARAB EMIRATES,3,LANDED,9.0
FZ,1163,2024-03-13 15:50:00,2024-03-13 16:17:00,A,DXB,DUBAI,UNITED ARAB EMIRATES,3,LANDED,27.0
UA,085,2024-03-13 15:50:00,2024-03-13 16:17:00,D,EWR,NEWARK,UNITED STATES,3,DEPARTED,27.0
LY,973,2024-03-13 15:50:00,2024-03-13 16:17:00,D,DXB,DUBAI,UNITED ARAB EMIRATES,3,DEPARTED,27.0
HU,778,2024-03-13 15:50:00,2024-03-13 16:17:00,D,PVG,SHANGHAI PUDONG,CHINA,3,DEPARTED,27.0
6H,431,2024-03-13 15:50:00,2024-03-13 16:17:00,D,ETM,RAMON,ISRAEL,1,DEPARTED,27.0
FR,7091,2024-03-13 16:10:00,2024-03-13 16:27:00,D,FCO,ROME,ITALY,3,DEPARTED,17.0
LAU,9HAMY,2024-03-13 16:10:00,2024-03-13 16:27:00,D,ISL,ISTANBUL,TURKEY,3,CANCELED,17.0
FR,6746,2024-03-13 16:10:00,2024-03-13 16:27:00,A,CRL,BRUSSELS,BELGIUM,3,LANDED,17.0
LY,542,2024-03-13 16:10:00,2024-03-13 16:30:00,A,ATH,ATHENS,GREECE,3,LANDED,20.0
LY,617,2024-03-13 16:10:00,2024-03-13 16:30:00,D,DME,MOSCOW,RUSSIAN FEDERATION,3,DEPARTED,20.0
QAS,YUPDD,2024-03-13 16:05:00,2024-03-13 16:35:00,A,LIN,MILAN,ITALY,3,LANDED,30.0
3U,3780,2024-03-13 16:20:00,2024-03-13 16:35:00,D,CTU,CHENGDU,CHINA,3,DEPARTED,15.0
TK,7709,2024-03-13 16:20:00,2024-03-13 16:35:00,D,SAW,ISTANBUL,TURKEY,3,DEPARTED,15.0
AHS,LZBRU,2024-03-13 16:40:00,2024-03-13 16:41:00,D,SCV,SUCEAVA,ROMANIA,3,CANCELED,1.0
IZ,808,2024-03-13 16:40:00,2024-03-13 16:41:00,A,ETM,RAMON,ISRAEL,1,LANDED,1.0
EJU,7933,2024-03-13 16:50:00,2024-03-13 16:44:00,A,AMS,AMSTERDAM,NETHERLANDS,3,LANDED,0.0
FR,2006,2024-03-13 16:50:00,2024-03-13 16:44:00,D,BGY,BERGAMO,ITALY,3,DEPARTED,0.0
EJU,3737,2024-03-13 16:30:00,2024-03-13 16:55:00,A,CDG,PARIS,FRANCE,3,LANDED,25.0
FR,6755,2024-03-13 14:55:00,2024-03-13 16:58:00,D,BUD,BUDAPEST,HUNGARY,3,DEPARTED,123.0
TO,3930,2024-03-13 17:00:00,2024-03-13 17:00:00,A,ORY,PARIS,FRANCE,3,LANDED,0.0
FR,4103,2024-03-13 17:00:00,2024-03-13 17:00:00,A,PFO,PAPHOS,CYPRUS,3,LANDED,0.0
FR,2837,2024-03-13 16:40:00,2024-03-13 17:02:00,D,VNO,VILNIUS,LITHUANIA,3,DEPARTED,22.0
LAU,LZBRU,2024-03-13 17:05:00,2024-03-13 17:05:00,D,SCV,SUCEAVA,ROMANIA,3,DEPARTED,0.0
XC,456,2024-03-13 16:50:00,2024-03-13 17:07:00,D,AYT,ANTALYA,TURKEY,3,DEPARTED,17.0
EJU,4463,2024-03-13 16:50:00,2024-03-13 17:07:00,A,LYS,LYON,FRANCE,3,LANDED,17.0
6H,442,2024-03-13 16:40:00,2024-03-13 17:09:00,A,ETM,RAMON,ISRAEL,1,LANDED,29.0
TWI,504,2024-03-13 16:40:00,2024-03-13 17:09:00,D,AYT,ANTALYA,TURKEY,3,DEPARTED,29.0
TK,794,2024-03-13 17:10:00,2024-03-13 17:10:00,A,IST,ISTANBUL,TURKEY,3,LANDED,0.0
EZS,1526,2024-03-13 17:10:00,2024-03-13 17:10:00,D,GVA,GENEVA,SWITZERLAND,3,DEPARTED,0.0
LY,026,2024-03-13 17:10:00,2024-03-13 17:10:00,A,EWR,NEWARK,UNITED STATES,3,LANDED,0.0
EJU,2564,2024-03-13 17:10:00,2024-03-13 17:10:00,D,MXP,MILAN,ITALY,3,DEPARTED,0.0
EJU,5202,2024-03-13 17:10:00,2024-03-13 17:10:00,D,BER,BERLIN,GERMANY,3,DEPARTED,0.0
QAS,FHGLG,2024-03-13 17:10:00,2024-03-13 17:12:00,D,BWE,BRAUNSCHWEIG,GERMANY,3,DEPARTED,2.0
AM,7874,2024-03-13 16:10:00,2024-03-13 17:13:00,A,LAX,LOS ANGELES,UNITED STATES,3,LANDED,63.0
LY,006,2024-03-13 17:15:00,2024-03-13 17:15:00,A,LAX,LOS ANGELES,UNITED STATES,3,LANDED,0.0
EK,2364,2024-03-13 17:15:00,2024-03-13 17:15:00,D,DXB,DUBAI,UNITED ARAB EMIRATES,3,DEPARTED,0.0
FZ,1164,2024-03-13 17:15:00,2024-03-13 17:15:00,D,DXB,DUBAI,UNITED ARAB EMIRATES,3,DEPARTED,0.0
QAS,YUPDD,2024-03-13 16:40:00,2024-03-13 17:15:00,D,BEG,BELGRADE,SERBIA,3,DEPARTED,35.0
6H,886,2024-03-13 15:55:00,2024-03-13 17:20:00,A,BUS,BATUMI,GEORGIA,3,LANDED,85.0
AM,7871,2024-03-13 17:25:00,2024-03-13 17:25:00,D,JFK,NEW YORK,UNITED STATES,3,DEPARTED,0.0
AR,7855,2024-03-13 17:25:00,2024-03-13 17:25:00,D,JFK,NEW YORK,UNITED STATES,3,DEPARTED,0.0
LY,007,2024-03-13 17:25:00,2024-03-13 17:25:00,D,JFK,NEW YORK,UNITED STATES,3,DEPARTED,0.0
UA,140,2024-03-13 17:50:00,2024-03-13 17:40:00,A,ORD,CHICAGO,UNITED STATES,3,LANDED,0.0
FR,6747,2024-03-13 17:50:00,2024-03-13 17:40:00,D,CRL,BRUSSELS,BELGIUM,3,DEPARTED,0.0
LY,552,2024-03-13 17:50:00,2024-03-13 17:40:00,A,SOF,SOFIA,BULGARIA,3,LANDED,0.0
IZ,815,2024-03-13 17:50:00,2024-03-13 17:40:00,D,ETM,RAMON,ISRAEL,1,DEPARTED,0.0
6H,447,2024-03-13 17:50:00,2024-03-13 17:40:00,D,ETM,RAMON,ISRAEL,1,DEPARTED,0.0
AF,962,2024-03-13 17:45:00,2024-03-13 17:45:00,A,CDG,PARIS,FRANCE,3,LANDED,0.0
DL,8457,2024-03-13 17:50:00,2024-03-13 17:50:00,A,CDG,PARIS,FRANCE,3,LANDED,0.0
KL,2059,2024-03-13 17:50:00,2024-03-13 17:50:00,A,CDG,PARIS,FRANCE,3,LANDED,0.0
LAU,N800T,2024-03-13 18:00:00,2024-03-13 18:00:00,A,DWC,DUBAI,UNITED ARAB EMIRATES,3,LANDED,0.0
AR,7876,2024-03-13 18:00:00,2024-03-13 18:00:00,A,FCO,ROME,ITALY,3,LANDED,0.0
LY,386,2024-03-13 18:00:00,2024-03-13 18:00:00,A,FCO,ROME,ITALY,3,LANDED,0.0
LY,613,2024-03-13 18:05:00,2024-03-13 18:05:00,D,DME,MOSCOW,RUSSIAN FEDERATION,3,DEPARTED,0.0
TO,3932,2024-03-13 18:20:00,2024-03-13 18:20:00,A,ORY,PARIS,FRANCE,3,LANDED,0.0
EJU,7934,2024-03-13 18:50:00,2024-03-13 18:50:00,D,AMS,AMSTERDAM,NETHERLANDS,3,DEPARTED,0.0
6H,432,2024-03-13 18:40:00,2024-03-13 18:53:00,A,ETM,RAMON,ISRAEL,1,LANDED,13.0
TO,3931,2024-03-13 18:55:00,2024-03-13 18:55:00,D,ORY,PARIS,FRANCE,3,DEPARTED,0.0
BA,165,2024-03-13 19:15:00,2024-03-13 19:15:00,A,LHR,LONDON,UNITED KINGDOM,3,LANDED,0.0
EJU,3738,2024-03-13 19:40:00,2024-03-13 19:40:00,D,CDG,PARIS,FRANCE,3,DEPARTED,0.0
FR,4104,2024-03-13 19:40:00,2024-03-13 19:40:00,D,PFO,PAPHOS,CYPRUS,3,DEPARTED,0.0
LAU,TCKAM,2024-03-13 19:50:00,2024-03-13 19:50:00,A,ISL,ISTANBUL,TURKEY,3,CANCELED,0.0
PC,787,2024-03-13 20:00:00,2024-03-13 19:54:00,A,AYT,ANTALYA,TURKEY,3,LANDED,0.0
EJU,4464,2024-03-13 20:00:00,2024-03-13 19:54:00,D,LYS,LYON,FRANCE,3,DEPARTED,0.0
LAU,TCMFY,2024-03-13 20:00:00,2024-03-13 19:54:00,D,MRV,MINERALNYE VODY,RUSSIAN FEDERATION,3,DEPARTED,0.0
MNB,240,2024-03-13 20:00:00,2024-03-13 19:54:00,A,IST,ISTANBUL,TURKEY,3,LANDED,0.0
IZ,025,2024-03-13 20:00:00,2024-03-13 20:00:00,D,RAK,MARRAKESH,MOROCCO,3,DEPARTED,0.0
PC,783,2024-03-13 20:05:00,2024-03-13 20:05:00,A,SAW,ISTANBUL,TURKEY,3,LANDED,0.0
IZ,604,2024-03-13 20:05:00,2024-03-13 20:05:00,A,DXB,DUBAI,UNITED ARAB EMIRATES,3,LANDED,0.0
JU,8266,2024-03-13 20:05:00,2024-03-13 20:05:00,D,IST,ISTANBUL,TURKEY,3,DEPARTED,0.0
TK,795,2024-03-13 20:05:00,2024-03-13 20:05:00,D,IST,ISTANBUL,TURKEY,3,DEPARTED,0.0
QAS,VJT49,2024-03-13 20:05:00,2024-03-13 20:05:00,A,LCA,LARNACA,CYPRUS,3,LANDED,0.0
LAU,TCKAM,2024-03-13 20:55:00,2024-03-13 20:14:00,D,ISL,ISTANBUL,TURKEY,3,CANCELED,0.0
700,MMBLY,2024-03-13 20:55:00,2024-03-13 20:14:00,D,ATH,ATHENS,GREECE,3,CANCELED,0.0
LH,686,2024-03-13 20:20:00,2024-03-13 20:20:00,A,FRA,FRANKFURT,GERMANY,3,LANDED,0.0
QAS,MMBLY,2024-03-13 19:50:00,2024-03-13 20:27:00,A,SMV,SAMEDAN,SWITZERLAND,3,LANDED,37.0
LY,822,2024-03-13 21:05:00,2024-03-13 20:52:00,A,LGG,LIEGE,BELGIUM,3,LANDED,0.0
PC,788,2024-03-13 21:05:00,2024-03-13 20:52:00,D,AYT,ANTALYA,TURKEY,3,DEPARTED,0.0
6H,439,2024-03-13 21:00:00,2024-03-13 21:00:00,D,ETM,RAMON,ISRAEL,1,DEPARTED,0.0
AHS,TCKAM,2024-03-13 21:00:00,2024-03-13 21:00:00,A,ISL,ISTANBUL,TURKEY,3,LANDED,0.0
TO,3933,2024-03-13 21:05:00,2024-03-13 21:07:00,D,ORY,PARIS,FRANCE,3,DEPARTED,2.0
N4,1899,2024-03-13 21:40:00,2024-03-13 21:40:00,A,LED,S.PETERSBURG,RUSSIAN FEDERATION,3,CANCELED,0.0
AA,8386,2024-03-13 21:45:00,2024-03-13 21:45:00,A,MXP,MILAN,ITALY,3,LANDED,0.0
LY,382,2024-03-13 21:50:00,2024-03-13 21:50:00,A,MXP,MILAN,ITALY,3,LANDED,0.0
IZ,816,2024-03-13 21:55:00,2024-03-13 21:55:00,A,ETM,RAMON,ISRAEL,1,LANDED,0.0
LH,680,2024-03-13 21:55:00,2024-03-13 21:55:00,A,MUC,MUNICH,GERMANY,3,LANDED,0.0
QY,995,2024-03-13 22:10:00,2024-03-13 22:10:00,D,BRU,BRUSSELS,BELGIUM,3,DEPARTED,0.0
PC,784,2024-03-13 22:30:00,2024-03-13 22:30:00,D,SAW,ISTANBUL,TURKEY,3,DEPARTED,0.0
AM,7856,2024-03-13 22:50:00,2024-03-13 22:36:00,A,JFK,NEW YORK,UNITED STATES,3,LANDED,0.0
AR,7856,2024-03-13 22:50:00,2024-03-13 22:36:00,A,JFK,NEW YORK,UNITED STATES,3,LANDED,0.0
LY,008,2024-03-13 22:50:00,2024-03-13 22:36:00,A,JFK,NEW YORK,UNITED STATES,3,LANDED,0.0
AHS,TCKAM,2024-03-13 22:50:00,2024-03-13 22:36:00,D,ISL,ISTANBUL,TURKEY,3,DEPARTED,0.0
AA,8375,2024-03-13 23:00:00,2024-03-13 23:00:00,A,CDG,PARIS,FRANCE,3,LANDED,0.0
LY,320,2024-03-13 23:10:00,2024-03-13 23:10:00,A,CDG,PARIS,FRANCE,3,LANDED,0.0
6H,448,2024-03-13 23:20:00,2024-03-13 23:20:00,A,ETM,RAMON,ISRAEL,1,LANDED,0.0
MNB,241,2024-03-13 23:20:00,2024-03-13 23:20:00,D,IST,ISTANBUL,TURKEY,3,DEPARTED,0.0
TO,3938,2024-03-13 23:30:00,2024-03-13 23:30:00,A,ORY,PARIS,FRANCE,3,LANDED,0.0
DL,234,2024-03-13 23:30:00,2024-03-13 23:30:00,A,JFK,NEW YORK,UNITED STATES,3,LANDED,0.0
AM,7877,2024-03-14 00:05:00,2024-03-14 00:05:00,D,LHR,LONDON,UNITED KINGDOM,3,DEPARTED,0.0
LY,317,2024-03-14 00:05:00,2024-03-14 00:05:00,D,LHR,LONDON,UNITED KINGDOM,3,DEPARTED,0.0
QS,8286,2024-03-14 00:05:00,2024-03-14 00:05:00,A,PRG,PRAGUE,CZECH REPUBLIC,3,LANDED,0.0
6H,768,2024-03-14 00:10:00,2024-03-14 00:10:00,A,PRG,PRAGUE,CZECH REPUBLIC,3,LANDED,0.0
AF,963,2024-03-14 00:10:00,2024-03-14 00:10:00,D,CDG,PARIS,FRANCE,3,DEPARTED,0.0
KL,2060,2024-03-14 00:20:00,2024-03-14 00:20:00,D,CDG,PARIS,FRANCE,3,DEPARTED,0.0
ENT,0177T,2024-03-14 00:25:00,2024-03-14 00:25:00,A,KTW,KATOWICE,POLAND,3,LANDED,0.0
BA,164,2024-03-14 00:35:00,2024-03-14 00:35:00,D,LHR,LONDON,UNITED KINGDOM,3,DEPARTED,0.0
AA,146,2024-03-14 00:35:00,2024-03-14 00:35:00,A,JFK,NEW YORK,UNITED STATES,3,LANDED,0.0
6H,665,2024-03-14 00:35:00,2024-03-14 00:35:00,D,DXB,DUBAI,UNITED ARAB EMIRATES,3,CANCELED,0.0
N4,1900,2024-03-14 00:35:00,2024-03-14 00:35:00,D,LED,S.PETERSBURG,RUSSIAN FEDERATION,3,CANCELED,0.0
6H,709,2024-03-14 00:45:00,2024-03-14 00:45:00,A,IAS,IASI,ROMANIA,3,CANCELED,0.0
6H,664,2024-03-14 00:45:00,2024-03-14 00:45:00,A,DXB,DUBAI,UNITED ARAB EMIRATES,3,CANCELED,0.0
LAU,9HAMY,2024-03-14 00:45:00,2024-03-14 00:45:00,A,ISL,ISTANBUL,TURKEY,3,CANCELED,0.0
700,MMBLY,2024-03-14 00:45:00,2024-03-14 00:45:00,A,ATH,ATHENS,GREECE,3,CANCELED,0.0
6H,711,2024-03-14 00:45:00,2024-03-14 00:45:00,D,KIV,CHISINAU,MOLDOVA,3,CANCELED,0.0
QAS,VJT53,2024-03-14 00:50:00,2024-03-14 00:50:00,A,NCE,NICE,FRANCE,3,CANCELED,0.0
6H,561,2024-03-14 00:50:00,2024-03-14 00:50:00,D,ATH,ATHENS,GREECE,3,CANCELED,0.0
LY,5060,2024-03-14 00:50:00,2024-03-14 00:50:00,A,DXB,DUBAI,UNITED ARAB EMIRATES,3,CANCELED,0.0
LAU,9HDOM,2024-03-14 00:50:00,2024-03-14 00:50:00,A,GVA,GENEVA,SWITZERLAND,3,CANCELED,0.0
AHS,LZBRU,2024-03-14 00:50:00,2024-03-14 00:50:00,A,SCV,SUCEAVA,ROMANIA,3,CANCELED,0.0
QAS,9HVTD,2024-03-14 00:50:00,2024-03-14 00:50:00,A,DWC,DUBAI,UNITED ARAB EMIRATES,3,CANCELED,0.0
QAS,MMBLY,2024-03-14 00:55:00,2024-03-14 00:55:00,A,ATH,ATHENS,GREECE,3,CANCELED,0.0
AHS,TCAHE,2024-03-14 01:00:00,2024-03-14 01:00:00,A,EVN,YEREVAN,ARMENIA,3,CANCELED,0.0
QAS,MSAGI,2024-03-14 01:00:00,2024-03-14 01:00:00,A,LCA,LARNACA,CYPRUS,3,CANCELED,0.0
AHS,TCAHE,2024-03-14 01:00:00,2024-03-14 01:00:00,D,ESB,ANKARA,TURKEY,3,CANCELED,0.0
QAS,9HVCK,2024-03-14 01:00:00,2024-03-14 01:00:00,A,KRK,KRAKOW,POLAND,3,CANCELED,0.0
6H,712,2024-03-14 01:05:00,2024-03-14 01:05:00,A,KIV,CHISINAU,MOLDOVA,3,CANCELED,0.0
6H,666,2024-03-14 01:05:00,2024-03-14 01:05:00,A,DXB,DUBAI,UNITED ARAB EMIRATES,3,CANCELED,0.0
QAS,YURDA,2024-03-14 01:05:00,2024-03-14 01:05:00,D,BEG,BELGRADE,SERBIA,3,CANCELED,0.0
QAS,9HVFH,2024-03-14 01:30:00,2024-03-14 01:30:00,A,LCA,LARNACA,CYPRUS,3,CANCELED,0.0
6H,421,2024-03-14 01:30:00,2024-03-14 01:30:00,D,ETM,RAMON,ISRAEL,1,CANCELED,0.0
QAS,9HVFH,2024-03-14 01:30:00,2024-03-14 01:30:00,D,ISL,ISTANBUL,TURKEY,3,CANCELED,0.0
6H,426,2024-03-14 01:30:00,2024-03-14 01:30:00,A,ETM,RAMON,ISRAEL,1,CANCELED,0.0
FZ,1549,2024-03-14 01:30:00,2024-03-14 01:30:00,A,DXB,DUBAI,UNITED ARAB EMIRATES,3,CANCELED,0.0
6H,441,2024-03-14 02:15:00,2024-03-14 02:15:00,D,ETM,RAMON,ISRAEL,1,CANCELED,0.0
6H,422,2024-03-14 02:15:00,2024-03-14 02:15:00,A,ETM,RAMON,ISRAEL,1,CANCELED,0.0
FZ,1550,2024-03-14 02:15:00,2024-03-14 02:15:00,D,DXB,DUBAI,UNITED ARAB EMIRATES,3,CANCELED,0.0
6H,998,2024-03-14 02:15:00,2024-03-14 02:15:00,A,SAW,ISTANBUL,TURKEY,3,CANCELED,0.0
IZ,335,2024-03-14 02:15:00,2024-03-14 02:15:00,D,FCO,ROME,ITALY,3,CANCELED,0.0
6H,4XABI,2024-03-14 02:20:00,2024-03-14 02:20:00,D,ESB,ANKARA,TURKEY,3,CANCELED,0.0
QAS,N720L,2024-03-14 02:20:00,2024-03-14 02:20:00,D,DXB,DUBAI,UNITED ARAB EMIRATES,3,CANCELED,0.0
LAU,9HDOM,2024-03-14 02:30:00,2024-03-14 02:30:00,D,VLC,VALENCIA,SPAIN,3,CANCELED,0.0
PQ,3403,2024-03-14 02:30:00,2024-03-14 02:30:00,A,KIV,CHISINAU,MOLDOVA,3,CANCELED,0.0
6H,442,2024-03-14 02:40:00,2024-03-14 02:40:00,A,ETM,RAMON,ISRAEL,1,CANCELED,0.0
PQ,3404,2024-03-14 02:45:00,2024-03-14 02:45:00,D,KIV,CHISINAU,MOLDOVA,3,CANCELED,0.0
LY,5057,2024-03-14 02:55:00,2024-03-14 02:55:00,D,DXB,DUBAI,UNITED ARAB EMIRATES,3,CANCELED,0.0
QAS,9HVCK,2024-03-14 02:55:00,2024-03-14 02:55:00,D,ATH,ATHENS,GREECE,3,CANCELED,0.0
6H,439,2024-03-14 02:55:00,2024-03-14 02:55:00,D,ETM,RAMON,ISRAEL,1,CANCELED,0.0
QAS,9HVTD,2024-03-14 03:00:00,2024-03-14 03:00:00,D,CPH,COPENHAGEN,DENMARK,3,CANCELED,0.0
ICL,0992P,2024-03-14 03:00:00,2024-03-14 03:00:00,A,ETM,RAMON,ISRAEL,1,CANCELED,0.0
6H,440,2024-03-14 03:35:00,2024-03-14 03:35:00,A,ETM,RAMON,ISRAEL,1,CANCELED,0.0
IZ,336,2024-03-14 03:45:00,2024-03-14 03:45:00,A,FCO,ROME,ITALY,3,CANCELED,0.0
LY,5058,2024-03-14 03:45:00,2024-03-14 03:45:00,A,DXB,DUBAI,UNITED ARAB EMIRATES,3,CANCELED,0.0
QAS,9HVTD,2024-03-14 03:55:00,2024-03-14 03:55:00,D,CMF,CHAMBERY,FRANCE,3,CANCELED,0.0
6H,4XABI,2024-03-14 03:55:00,2024-03-14 03:55:00,A,ISL,ISTANBUL,TURKEY,3,CANCELED,0.0
QAS,XARIN,2024-03-14 03:55:00,2024-03-14 03:55:00,A,VCE,VENICE,ITALY,3,CANCELED,0.0
PC,780,2024-03-14 04:00:00,2024-03-14 04:00:00,D,SAW,ISTANBUL,TURKEY,1,DEPARTED,0.0
TK,811,2024-03-14 04:00:00,2024-03-14 04:00:00,D,IST,ISTANBUL,TURKEY,3,DEPARTED,0.0
LY,2521,2024-03-14 04:25:00,2024-03-14 04:25:00,D,PRG,PRAGUE,CZECH REPUBLIC,3,DEPARTED,0.0
TK,6068,2024-03-14 04:25:00,2024-03-14 04:25:00,A,IST,ISTANBUL,TURKEY,3,LANDED,0.0
6H,663,2024-03-14 04:25:00,2024-03-14 04:25:00,D,DXB,DUBAI,UNITED ARAB EMIRATES,3,DEPARTED,0.0
AHS,VPCMB,2024-03-14 04:25:00,2024-03-14 04:25:00,D,VNO,VILNIUS,LITHUANIA,3,DEPARTED,0.0
LY,611,2024-03-14 04:35:00,2024-03-14 04:35:00,D,DME,MOSCOW,RUSSIAN FEDERATION,3,DEPARTED,0.0
S7,4482,2024-03-14 05:05:00,2024-03-14 05:05:00,D,DME,MOSCOW,RUSSIAN FEDERATION,3,DEPARTED,0.0
6H,421,2024-03-14 05:05:00,2024-03-14 05:05:00,D,ETM,RAMON,ISRAEL,1,DEPARTED,0.0
311,MOONL,2024-03-14 05:05:00,2024-03-14 05:05:00,D,BER,BERLIN,GERMANY,3,DEPARTED,0.0
LH,695,2024-03-14 05:05:00,2024-03-14 05:05:00,D,FRA,FRANKFURT,GERMANY,3,DEPARTED,0.0
052,MYSKY,2024-03-14 05:05:00,2024-03-14 05:05:00,D,POZ,POZNAN,POLAND,3,DEPARTED,0.0
OK,5289,2024-03-14 05:15:00,2024-03-14 05:15:00,D,PRG,PRAGUE,CZECH REPUBLIC,1,DEPARTED,0.0
QS,1287,2024-03-14 05:15:00,2024-03-14 05:15:00,D,PRG,PRAGUE,CZECH REPUBLIC,1,DEPARTED,0.0
6H,7767,2024-03-14 05:15:00,2024-03-14 05:15:00,D,PRG,PRAGUE,CZECH REPUBLIC,1,DEPARTED,0.0
LX,257,2024-03-14 05:15:00,2024-03-14 05:15:00,D,ZRH,ZURICH,SWITZERLAND,3,DEPARTED,0.0
LY,8853,2024-03-14 05:20:00,2024-03-14 05:20:00,D,ZRH,ZURICH,SWITZERLAND,3,DEPARTED,0.0
6H,885,2024-03-14 05:20:00,2024-03-14 05:20:00,D,BUS,BATUMI,GEORGIA,3,DEPARTED,0.0
6H,426,2024-03-14 05:20:00,2024-03-14 05:20:00,A,ETM,RAMON,ISRAEL,1,LANDED,0.0
W6,3257,2024-03-14 05:20:00,2024-03-14 05:20:00,A,OTP,BUCHAREST,ROMANIA,3,LANDED,0.0
TK,7708,2024-03-14 05:20:00,2024-03-14 05:20:00,A,SAW,ISTANBUL,TURKEY,3,LANDED,0.0
3U,3779,2024-03-14 05:30:00,2024-03-14 05:30:00,A,CTU,CHENGDU,CHINA,3,LANDED,0.0
IZ,802,2024-03-14 05:30:00,2024-03-14 05:30:00,A,ETM,RAMON,ISRAEL,1,LANDED,0.0
W6,4427,2024-03-14 05:30:00,2024-03-14 05:30:00,A,SOF,SOFIA,BULGARIA,3,LANDED,0.0
AHS,VPCMB,2024-03-14 05:30:00,2024-03-14 05:30:00,D,VNO,VILNIUS,LITHUANIA,3,CANCELED,0.0
TK,784,2024-03-14 05:30:00,2024-03-14 05:30:00,A,IST,ISTANBUL,TURKEY,3,LANDED,0.0
PC,795,2024-03-14 05:35:00,2024-03-14 05:35:00,A,SAW,ISTANBUL,TURKEY,3,LANDED,0.0
U8,0224P,2024-03-14 05:45:00,2024-03-14 05:45:00,A,LCA,LARNACA,CYPRUS,3,LANDED,0.0
AA,8371,2024-03-14 05:45:00,2024-03-14 05:45:00,D,LHR,LONDON,UNITED KINGDOM,3,DEPARTED,0.0
AM,7863,2024-03-14 05:50:00,2024-03-14 05:50:00,D,LHR,LONDON,UNITED KINGDOM,3,DEPARTED,0.0
LY,315,2024-03-14 05:55:00,2024-03-14 05:55:00,D,LHR,LONDON,UNITED KINGDOM,3,DEPARTED,0.0
LY,323,2024-03-14 05:55:00,2024-03-14 05:55:00,D,CDG,PARIS,FRANCE,3,DEPARTED,0.0
U8,103,2024-03-14 05:55:00,2024-03-14 05:55:00,D,LCA,LARNACA,CYPRUS,1,DEPARTED,0.0
IZ,603,2024-03-14 05:55:00,2024-03-14 05:55:00,D,DXB,DUBAI,UNITED ARAB EMIRATES,1,DEPARTED,0.0
6H,561,2024-03-14 05:55:00,2024-03-14 05:55:00,D,ATH,ATHENS,GREECE,3,DEPARTED,0.0
UA,084,2024-03-14 06:10:00,2024-03-14 06:10:00,A,EWR,NEWARK,UNITED STATES,3,LANDED,0.0
AA,8389,2024-03-14 06:10:00,2024-03-14 06:10:00,D,BCN,BARCELONA,SPAIN,3,DEPARTED,0.0
AM,7891,2024-03-14 06:10:00,2024-03-14 06:10:00,D,BCN,BARCELONA,SPAIN,3,DEPARTED,0.0
IB,2392,2024-03-14 06:10:00,2024-03-14 06:10:00,D,BCN,BARCELONA,SPAIN,3,DEPARTED,0.0
LY,393,2024-03-14 06:10:00,2024-03-14 06:10:00,D,BCN,BARCELONA,SPAIN,3,DEPARTED,0.0
FR,2823,2024-03-14 06:10:00,2024-03-14 06:10:00,A,ATH,ATHENS,GREECE,3,LANDED,0.0
TK,6069,2024-03-14 06:15:00,2024-03-14 06:15:00,D,IST,ISTANBUL,TURKEY,3,DEPARTED,0.0
W6,2325,2024-03-14 06:15:00,2024-03-14 06:15:00,A,BUD,BUDAPEST,HUNGARY,3,LANDED,0.0
LY,617,2024-03-14 06:15:00,2024-03-14 06:15:00,D,DME,MOSCOW,RUSSIAN FEDERATION,3,DEPARTED,0.0
FR,7161,2024-03-14 06:15:00,2024-03-14 06:15:00,A,VIE,VIENNA,AUSTRIA,3,LANDED,0.0
IZ,807,2024-03-14 06:15:00,2024-03-14 06:15:00,D,ETM,RAMON,ISRAEL,1,DEPARTED,0.0
F7,9008,2024-03-14 06:15:00,2024-03-14 06:15:00,D,VKO,MOSCOW,RUSSIAN FEDERATION,3,CANCELED,0.0
TK,7709,2024-03-14 06:15:00,2024-03-14 06:15:00,D,SAW,ISTANBUL,TURKEY,3,DEPARTED,0.0
USF,POKER,2024-03-14 06:15:00,2024-03-14 06:15:00,A,AMM,AMMAN,JORDAN,3,LANDED,0.0
SU,501,2024-03-14 06:15:00,2024-03-14 06:15:00,D,SVO,MOSCOW,RUSSIAN FEDERATION,1,DEPARTED,0.0
JU,8253,2024-03-14 06:30:00,2024-03-14 06:30:00,D,IST,ISTANBUL,TURKEY,3,DEPARTED,0.0
TK,785,2024-03-14 06:30:00,2024-03-14 06:30:00,D,IST,ISTANBUL,TURKEY,3,DEPARTED,0.0
W6,4428,2024-03-14 06:30:00,2024-03-14 06:30:00,D,SOF,SOFIA,BULGARIA,1,DEPARTED,0.0
W6,1559,2024-03-14 06:45:00,2024-03-14 06:45:00,A,WAW,WARSAW,POLAND,3,LANDED,0.0
6H,422,2024-03-14 06:45:00,2024-03-14 06:45:00,A,ETM,RAMON,ISRAEL,1,LANDED,0.0
W6,3258,2024-03-14 06:45:00,2024-03-14 06:45:00,D,OTP,BUCHAREST,ROMANIA,1,DEPARTED,0.0
LAU,N344R,2024-03-14 06:45:00,2024-03-14 06:45:00,A,IAD,WASHINGTON,UNITED STATES,3,LANDED,0.0
AM,7868,2024-03-14 06:50:00,2024-03-14 06:50:00,A,JFK,NEW YORK,UNITED STATES,3,LANDED,0.0
AR,7852,2024-03-14 06:50:00,2024-03-14 06:50:00,A,JFK,NEW YORK,UNITED STATES,3,LANDED,0.0
LY,002,2024-03-14 06:50:00,2024-03-14 06:50:00,A,JFK,NEW YORK,UNITED STATES,3,LANDED,0.0
PC,796,2024-03-14 06:50:00,2024-03-14 06:50:00,D,SAW,ISTANBUL,TURKEY,1,DEPARTED,0.0
HU,458,2024-03-14 06:50:00,2024-03-14 06:50:00,D,CAN,GUANGZHOU,CHINA,3,DEPARTED,0.0
LY,615,2024-03-14 06:50:00,2024-03-14 06:50:00,D,DME,MOSCOW,RUSSIAN FEDERATION,3,CANCELED,0.0
QAS,N69JU,2024-03-14 06:55:00,2024-03-14 06:55:00,D,FAB,FARNBOROUGH,UNITED KINGDOM,3,CANCELED,0.0
QAS,YUPDD,2024-03-14 07:00:00,2024-03-14 07:00:00,D,SMV,SAMEDAN,SWITZERLAND,3,CANCELED,0.0
QAS,9HVCL,2024-03-14 07:00:00,2024-03-14 07:00:00,D,KRK,KRAKOW,POLAND,3,CANCELED,0.0
FR,2824,2024-03-14 07:00:00,2024-03-14 07:00:00,D,ATH,ATHENS,GREECE,3,DEPARTED,0.0
6H,441,2024-03-14 07:05:00,2024-03-14 07:05:00,D,ETM,RAMON,ISRAEL,1,DEPARTED,0.0
U8,1824,2024-03-14 07:05:00,2024-03-14 07:05:00,D,MAD,MADRID,SPAIN,1,DEPARTED,0.0
EZS,1525,2024-03-14 07:20:00,2024-03-14 07:20:00,A,GVA,GENEVA,SWITZERLAND,3,LANDED,0.0
FR,8695,2024-03-14 07:20:00,2024-03-14 07:20:00,A,NAP,NAPLES,ITALY,3,LANDED,0.0
702,T7VIP,2024-03-14 07:25:00,2024-03-14 07:25:00,A,TER,LAJES,PORTUGAL,3,LANDED,0.0
FR,7162,2024-03-14 07:30:00,2024-03-14 07:30:00,D,VIE,VIENNA,AUSTRIA,3,DEPARTED,0.0
LAU,N1916,2024-03-14 07:30:00,2024-03-14 07:30:00,A,IAS,IASI,ROMANIA,3,LANDED,0.0
311,T7CPX,2024-03-14 07:50:00,2024-03-14 07:50:00,D,CMF,CHAMBERY,FRANCE,3,DEPARTED,0.0
W6,2326,2024-03-14 08:00:00,2024-03-14 08:00:00,D,BUD,BUDAPEST,HUNGARY,1,DEPARTED,0.0
341,4XCUZ,2024-03-14 08:05:00,2024-03-14 08:05:00,D,RIX,RIGA,LATVIA,3,DEPARTED,0.0
493,4XDAD,2024-03-14 08:05:00,2024-03-14 08:05:00,A,RPN,ROSH PINA,ISRAEL,3,LANDED,0.0
EK,2363,2024-03-14 08:10:00,2024-03-14 08:10:00,A,DXB,DUBAI,UNITED ARAB EMIRATES,3,LANDED,0.0
FZ,1163,2024-03-14 08:20:00,2024-03-14 08:20:00,A,DXB,DUBAI,UNITED ARAB EMIRATES,3,LANDED,0.0
UA,085,2024-03-14 08:20:00,2024-03-14 08:20:00,D,EWR,NEWARK,UNITED STATES,3,DEPARTED,0.0
USF,POKER,2024-03-14 08:20:00,2024-03-14 08:20:00,D,AMM,AMMAN,JORDAN,3,DEPARTED,0.0
FR,6754,2024-03-14 08:20:00,2024-03-14 08:20:00,A,BUD,BUDAPEST,HUNGARY,3,LANDED,0.0
LY,615,2024-03-14 08:20:00,2024-03-14 08:20:00,D,DME,MOSCOW,RUSSIAN FEDERATION,3,DEPARTED,0.0
GF,972,2024-03-14 08:20:00,2024-03-14 08:20:00,A,BAH,BAHRAIN,BAHRAIN,3,LANDED,0.0
EZS,1191,2024-03-14 08:20:00,2024-03-14 08:20:00,A,BSL,BASEL,SWITZERLAND,3,LANDED,0.0
6H,431,2024-03-14 08:30:00,2024-03-14 08:30:00,D,ETM,RAMON,ISRAEL,1,DEPARTED,0.0
LY,973,2024-03-14 08:35:00,2024-03-14 08:35:00,D,DXB,DUBAI,UNITED ARAB EMIRATES,3,DEPARTED,0.0
W6,1560,2024-03-14 08:50:00,2024-03-14 08:50:00,D,WAW,WARSAW,POLAND,1,DEPARTED,0.0
9U,347,2024-03-14 08:50:00,2024-03-14 08:50:00,A,KIV,CHISINAU,MOLDOVA,3,CANCELED,0.0
LY,030,2024-03-14 08:50:00,2024-03-14 08:50:00,A,YYZ,TORONTO,CANADA,3,LANDED,0.0
LY,5059,2024-03-14 09:00:00,2024-03-14 09:00:00,D,DXB,DUBAI,UNITED ARAB EMIRATES,3,CANCELED,0.0
TO,3930,2024-03-14 09:05:00,2024-03-14 09:05:00,A,ORY,PARIS,FRANCE,3,LANDED,0.0
EJU,7933,2024-03-14 09:15:00,2024-03-14 09:15:00,A,AMS,AMSTERDAM,NETHERLANDS,3,LANDED,0.0
EZS,1526,2024-03-14 09:15:00,2024-03-14 09:15:00,D,GVA,GENEVA,SWITZERLAND,3,DEPARTED,0.0
LAU,DAFUN,2024-03-14 09:15:00,2024-03-14 09:15:00,A,LCA,LARNACA,CYPRUS,3,LANDED,0.0
493,4XDAD,2024-03-14 09:15:00,2024-03-14 09:15:00,D,LHA,NEUSTADT,GERMANY,3,DEPARTED,0.0
IZ,808,2024-03-14 09:20:00,2024-03-14 09:20:00,A,ETM,RAMON,ISRAEL,1,LANDED,0.0
3U,3780,2024-03-14 09:20:00,2024-03-14 09:20:00,D,CTU,CHENGDU,CHINA,3,DEPARTED,0.0
EJU,5201,2024-03-14 09:20:00,2024-03-14 09:20:00,A,BER,BERLIN,GERMANY,3,LANDED,0.0
FR,6746,2024-03-14 09:25:00,2024-03-14 09:25:00,A,CRL,BRUSSELS,BELGIUM,3,LANDED,0.0
FR,8696,2024-03-14 09:25:00,2024-03-14 09:25:00,D,NAP,NAPLES,ITALY,3,DEPARTED,0.0
9U,348,2024-03-14 09:30:00,2024-03-14 09:30:00,D,KIV,CHISINAU,MOLDOVA,1,CANCELED,0.0
FR,6755,2024-03-14 09:30:00,2024-03-14 09:30:00,D,BUD,BUDAPEST,HUNGARY,3,DEPARTED,0.0
6H,442,2024-03-14 09:40:00,2024-03-14 09:40:00,A,ETM,RAMON,ISRAEL,1,LANDED,0.0
AHS,4KJJ8,2024-03-14 10:00:00,2024-03-14 10:00:00,A,BAK,BAKU,AZERBAIJAN,3,CANCELED,0.0
AM,7874,2024-03-14 10:20:00,2024-03-14 10:20:00,A,LAX,LOS ANGELES,UNITED STATES,3,LANDED,0.0
LY,006,2024-03-14 10:20:00,2024-03-14 10:20:00,A,LAX,LOS ANGELES,UNITED STATES,3,LANDED,0.0
6H,886,2024-03-14 10:20:00,2024-03-14 10:20:00,A,BUS,BATUMI,GEORGIA,3,LANDED,0.0
EZS,1192,2024-03-14 10:20:00,2024-03-14 10:20:00,D,BSL,BASEL,SWITZERLAND,3,DEPARTED,0.0
EK,2364,2024-03-14 10:20:00,2024-03-14 10:20:00,D,DXB,DUBAI,UNITED ARAB EMIRATES,1,DEPARTED,0.0
FZ,1164,2024-03-14 10:30:00,2024-03-14 10:30:00,D,DXB,DUBAI,UNITED ARAB EMIRATES,1,DEPARTED,0.0
LY,026,2024-03-14 10:35:00,2024-03-14 10:35:00,A,EWR,NEWARK,UNITED STATES,3,LANDED,0.0
TK,794,2024-03-14 10:40:00,2024-03-14 10:40:00,A,IST,ISTANBUL,TURKEY,3,LANDED,0.0
AM,7871,2024-03-14 10:45:00,2024-03-14 10:45:00,D,JFK,NEW YORK,UNITED STATES,3,DEPARTED,0.0
AR,7855,2024-03-14 10:45:00,2024-03-14 10:45:00,D,JFK,NEW YORK,UNITED STATES,3,DEPARTED,0.0
LY,007,2024-03-14 11:15:00,2024-03-14 11:15:00,D,JFK,NEW YORK,UNITED STATES,3,DEPARTED,0.0
B2,8751,2024-03-14 11:15:00,2024-03-14 11:15:00,A,MSQ,MINSK,BELARUS,3,LANDED,0.0
QAS,MM623,2024-03-14 11:20:00,2024-03-14 11:20:00,D,IRE,PRATICA DI MARE,ITALY,3,DEPARTED,0.0
AR,7876,2024-03-14 11:25:00,2024-03-14 11:25:00,A,FCO,ROME,ITALY,3,LANDED,0.0
LY,386,2024-03-14 11:35:00,2024-03-14 11:35:00,A,FCO,ROME,ITALY,3,LANDED,0.0
LY,613,2024-03-14 11:40:00,2024-03-14 11:40:00,D,DME,MOSCOW,RUSSIAN FEDERATION,3,DEPARTED,0.0
IZ,811,2024-03-14 11:40:00,2024-03-14 11:40:00,D,ETM,RAMON,ISRAEL,1,DEPARTED,0.0
TO,3932,2024-03-14 11:40:00,2024-03-14 11:40:00,A,ORY,PARIS,FRANCE,3,LANDED,0.0
EJU,7934,2024-03-14 11:45:00,2024-03-14 11:45:00,D,AMS,AMSTERDAM,NETHERLANDS,3,DEPARTED,0.0
6H,432,2024-03-14 11:45:00,2024-03-14 11:45:00,A,ETM,RAMON,ISRAEL,1,LANDED,0.0
AF,962,2024-03-14 11:45:00,2024-03-14 11:45:00,A,CDG,PARIS,FRANCE,3,LANDED,0.0
DL,8457,2024-03-14 11:45:00,2024-03-14 11:45:00,A,CDG,PARIS,FRANCE,3,LANDED,0.0
KL,2059,2024-03-14 12:00:00,2024-03-14 12:00:00,A,CDG,PARIS,FRANCE,3,LANDED,0.0
EJU,5202,2024-03-14 12:00:00,2024-03-14 12:00:00,D,BER,BERLIN,GERMANY,3,DEPARTED,0.0
AHS,4KJJ8,2024-03-14 12:05:00,2024-03-14 12:05:00,D,BAK,BAKU,AZERBAIJAN,3,CANCELED,0.0
FR,7090,2024-03-14 12:05:00,2024-03-14 12:05:00,A,FCO,ROME,ITALY,3,LANDED,0.0
FR,6747,2024-03-14 12:10:00,2024-03-14 12:10:00,D,CRL,BRUSSELS,BELGIUM,3,DEPARTED,0.0
6H,447,2024-03-14 12:15:00,2024-03-14 12:15:00,D,ETM,RAMON,ISRAEL,1,DEPARTED,0.0
BA,165,2024-03-14 12:25:00,2024-03-14 12:25:00,A,LHR,LONDON,UNITED KINGDOM,3,LANDED,0.0
MNB,140,2024-03-14 12:30:00,2024-03-14 12:30:00,A,IST,ISTANBUL,TURKEY,3,LANDED,0.0
TO,3931,2024-03-14 12:35:00,2024-03-14 12:35:00,D,ORY,PARIS,FRANCE,1,DEPARTED,0.0
QAS,N127R,2024-03-14 12:45:00,2024-03-14 12:45:00,A,BHX,BIRMINGHAM,UNITED KINGDOM,3,LANDED,0.0
USF,RCH18,2024-03-14 12:45:00,2024-03-14 12:45:00,A,ADJ,AMMAN,JORDAN,3,CANCELED,0.0
6H,562,2024-03-14 12:50:00,2024-03-14 12:50:00,A,ATH,ATHENS,GREECE,3,LANDED,0.0
FX,5071,2024-03-14 12:50:00,2024-03-14 12:50:00,D,CGN,COLOGNE,GERMANY,3,DEPARTED,0.0
QAS,N836B,2024-03-14 12:50:00,2024-03-14 12:50:00,A,FAB,FARNBOROUGH,UNITED KINGDOM,3,LANDED,0.0
LAU,DAFUN,2024-03-14 12:50:00,2024-03-14 12:50:00,D,LBG,PARIS,FRANCE,3,DEPARTED,0.0
PC,783,2024-03-14 12:55:00,2024-03-14 12:55:00,A,SAW,ISTANBUL,TURKEY,3,LANDED,0.0
GF,973,2024-03-14 12:55:00,2024-03-14 12:55:00,D,BAH,BAHRAIN,BAHRAIN,1,DEPARTED,0.0
QAS,DCFIV,2024-03-14 13:00:00,2024-03-14 13:00:00,A,VIE,VIENNA,AUSTRIA,3,LANDED,0.0
LY,2366,2024-03-14 13:00:00,2024-03-14 13:00:00,A,BUD,BUDAPEST,HUNGARY,3,LANDED,0.0
LY,5457,2024-03-14 13:00:00,2024-03-14 13:00:00,D,IAS,IASI,ROMANIA,3,DEPARTED,0.0
AA,052,2024-03-14 13:00:00,2024-03-14 13:00:00,A,MIA,MIAMI,UNITED STATES,3,LANDED,0.0
JU,8266,2024-03-14 13:00:00,2024-03-14 13:00:00,D,IST,ISTANBUL,TURKEY,3,DEPARTED,0.0
TK,795,2024-03-14 13:00:00,2024-03-14 13:00:00,D,IST,ISTANBUL,TURKEY,3,DEPARTED,0.0
LH,686,2024-03-14 13:00:00,2024-03-14 13:00:00,A,FRA,FRANKFURT,GERMANY,3,LANDED,0.0
QY,995,2024-03-14 13:05:00,2024-03-14 13:05:00,D,BRU,BRUSSELS,BELGIUM,3,DEPARTED,0.0
AM,7877,2024-03-14 13:05:00,2024-03-14 13:05:00,D,LHR,LONDON,UNITED KINGDOM,3,DEPARTED,0.0
LY,317,2024-03-14 13:05:00,2024-03-14 13:05:00,D,LHR,LONDON,UNITED KINGDOM,3,DEPARTED,0.0
B2,8752,2024-03-14 13:10:00,2024-03-14 13:10:00,D,MSQ,MINSK,BELARUS,3,DEPARTED,0.0
6H,661,2024-03-14 13:20:00,2024-03-14 13:20:00,D,DXB,DUBAI,UNITED ARAB EMIRATES,3,CANCELED,0.0
FR,2005,2024-03-14 13:20:00,2024-03-14 13:20:00,A,BGY,BERGAMO,ITALY,3,LANDED,0.0
LAU,9HSIS,2024-03-14 13:25:00,2024-03-14 13:25:00,A,BSL,BASEL,SWITZERLAND,3,LANDED,0.0
QAS,N108M,2024-03-14 13:35:00,2024-03-14 13:35:00,A,IND,INDIANAPOLIS,UNITED STATES,3,LANDED,0.0
6H,721,2024-03-14 13:35:00,2024-03-14 13:35:00,D,SOF,SOFIA,BULGARIA,3,DEPARTED,0.0
LY,375,2024-03-14 13:40:00,2024-03-14 13:40:00,D,LIS,LISBON,PORTUGAL,3,DEPARTED,0.0
TP,8920,2024-03-14 13:40:00,2024-03-14 13:40:00,D,LIS,LISBON,PORTUGAL,3,DEPARTED,0.0
AA,8386,2024-03-14 13:45:00,2024-03-14 13:45:00,A,MXP,MILAN,ITALY,3,LANDED,0.0
LY,382,2024-03-14 13:45:00,2024-03-14 13:45:00,A,MXP,MILAN,ITALY,3,LANDED,0.0
FR,7091,2024-03-14 13:50:00,2024-03-14 13:50:00,D,FCO,ROME,ITALY,3,DEPARTED,0.0
LY,2522,2024-03-14 13:50:00,2024-03-14 13:50:00,A,PRG,PRAGUE,CZECH REPUBLIC,3,LANDED,0.0
UA,090,2024-03-14 13:50:00,2024-03-14 13:50:00,A,EWR,NEWARK,UNITED STATES,3,LANDED,0.0
6H,045,2024-03-14 13:50:00,2024-03-14 13:50:00,D,ETM,RAMON,ISRAEL,1,DEPARTED,0.0
LH,680,2024-03-14 14:00:00,2024-03-14 14:00:00,A,MUC,MUNICH,GERMANY,3,LANDED,0.0
6H,664,2024-03-14 14:05:00,2024-03-14 14:05:00,A,DXB,DUBAI,UNITED ARAB EMIRATES,3,LANDED,0.0
IZ,813,2024-03-14 14:05:00,2024-03-14 14:05:00,D,ETM,RAMON,ISRAEL,1,DEPARTED,0.0
IZ,812,2024-03-14 14:20:00,2024-03-14 14:20:00,A,ETM,RAMON,ISRAEL,1,LANDED,0.0
TO,3933,2024-03-14 14:20:00,2024-03-14 14:20:00,D,ORY,PARIS,FRANCE,1,DEPARTED,0.0
PC,784,2024-03-14 14:20:00,2024-03-14 14:20:00,D,SAW,ISTANBUL,TURKEY,1,DEPARTED,0.0
DL,234,2024-03-14 14:20:00,2024-03-14 14:20:00,A,JFK,NEW YORK,UNITED STATES,3,LANDED,0.0
LY,363,2024-03-14 14:20:00,2024-03-14 14:20:00,D,VIE,VIENNA,AUSTRIA,3,DEPARTED,0.0
AF,963,2024-03-14 14:20:00,2024-03-14 14:20:00,D,CDG,PARIS,FRANCE,3,DEPARTED,0.0
KL,2060,2024-03-14 14:20:00,2024-03-14 14:20:00,D,CDG,PARIS,FRANCE,3,DEPARTED,0.0
TO,3938,2024-03-14 14:20:00,2024-03-14 14:20:00,A,ORY,PARIS,FRANCE,3,LANDED,0.0
BA,164,2024-03-14 14:25:00,2024-03-14 14:25:00,D,LHR,LONDON,UNITED KINGDOM,3,DEPARTED,0.0
AA,8375,2024-03-14 14:30:00,2024-03-14 14:30:00,A,CDG,PARIS,FRANCE,3,LANDED,0.0
LY,320,2024-03-14 14:30:00,2024-03-14 14:30:00,A,CDG,PARIS,FRANCE,3,LANDED,0.0
MNB,141,2024-03-14 14:35:00,2024-03-14 14:35:00,D,IST,ISTANBUL,TURKEY,3,DEPARTED,0.0
AM,7856,2024-03-14 14:35:00,2024-03-14 14:35:00,A,JFK,NEW YORK,UNITED STATES,3,LANDED,0.0
AR,7856,2024-03-14 14:35:00,2024-03-14 14:35:00,A,JFK,NEW YORK,UNITED STATES,3,LANDED,0.0
LY,008,2024-03-14 14:35:00,2024-03-14 14:35:00,A,JFK,NEW YORK,UNITED STATES,3,LANDED,0.0
SU,508,2024-03-14 14:40:00,2024-03-14 14:40:00,A,SVO,MOSCOW,RUSSIAN FEDERATION,3,LANDED,0.0
AM,7853,2024-03-14 14:45:00,2024-03-14 14:45:00,D,CDG,PARIS,FRANCE,3,DEPARTED,0.0
LY,325,2024-03-14 14:55:00,2024-03-14 14:55:00,D,CDG,PARIS,FRANCE,3,DEPARTED,0.0
6H,448,2024-03-14 14:55:00,2024-03-14 14:55:00,A,ETM,RAMON,ISRAEL,1,LANDED,0.0
LAU,N800T,2024-03-14 14:55:00,2024-03-14 14:55:00,D,BAH,BAHRAIN,BAHRAIN,3,DEPARTED,0.0
6H,727,2024-03-14 15:00:00,2024-03-14 15:00:00,D,BUD,BUDAPEST,HUNGARY,3,DEPARTED,0.0
AA,387,2024-03-14 15:00:00,2024-03-14 15:00:00,A,FCO,ROME,ITALY,3,LANDED,0.0
AR,7874,2024-03-14 15:10:00,2024-03-14 15:10:00,A,FCO,ROME,ITALY,3,LANDED,0.0
LY,384,2024-03-14 15:20:00,2024-03-14 15:20:00,A,FCO,ROME,ITALY,3,LANDED,0.0
SK,3166,2024-03-14 15:20:00,2024-03-14 15:20:00,A,FCO,ROME,ITALY,3,LANDED,0.0
TP,8897,2024-03-14 15:20:00,2024-03-14 15:20:00,A,FCO,ROME,ITALY,3,LANDED,0.0
AM,7877,2024-03-14 15:20:00,2024-03-14 15:20:00,D,LHR,LONDON,UNITED KINGDOM,3,DEPARTED,0.0
LY,317,2024-03-14 15:20:00,2024-03-14 15:20:00,D,LHR,LONDON,UNITED KINGDOM,3,DEPARTED,0.0
AA,9258,2024-03-14 15:30:00,2024-03-14 15:30:00,A,CDG,PARIS,FRANCE,3,LANDED,0.0
LY,320,2024-03-14 15:30:00,2024-03-14 15:30:00,A,CDG,PARIS,FRANCE,3,LANDED,0.0
LY,83,2024-03-14 15:30:00,2024-03-14 15:30:00,D,BKK,BANGKOK,THAILAND,3,DEPARTED,0.0
QF,5018,2024-03-14 15:30:00,2024-03-14 15:30:00,D,BKK,BANGKOK,THAILAND,3,DEPARTED,0.0
TG,4586,2024-03-14 15:30:00,2024-03-14 15:30:00,D,BKK,BANGKOK,THAILAND,3,DEPARTED,0.0
W6,4428,2024-03-14 15:30:00,2024-03-14 15:30:00,D,SOF,SOFIA,BULGARIA,3,DEPARTED,0.0
LY,5109,2024-03-14 15:30:00,2024-03-14 15:30:00,D,TBS,TBILISI,GEORGIA,3,DEPARTED,0.0
AA,9266,2024-03-14 15:35:00,2024-03-14 15:35:00,A,MAD,MADRID,SPAIN,3,LANDED,0.0
AM,7859,2024-03-14 15:35:00,2024-03-14 15:35:00,A,MAD,MADRID,SPAIN,3,LANDED,0.0
AR,7872,2024-03-14 15:35:00,2024-03-14 15:35:00,A,MAD,MADRID,SPAIN,3,LANDED,0.0
IB,2395,2024-03-14 15:40:00,2024-03-14 15:40:00,A,MAD,MADRID,SPAIN,3,LANDED,0.0
LY,396,2024-03-14 15:55:00,2024-03-14 15:55:00,A,MAD,MADRID,SPAIN,3,LANDED,0.0
A3,924,2024-03-14 16:00:00,2024-03-14 16:00:00,A,ATH,ATHENS,GREECE,3,LANDED,0.0
IZ,211,2024-03-14 16:00:00,2024-03-14 16:00:00,D,ATH,ATHENS,GREECE,3,DEPARTED,0.0
LY,2523,2024-03-14 16:00:00,2024-03-14 16:00:00,D,PRG,PRAGUE,CZECH REPUBLIC,3,DEPARTED,0.0
A4,5023,2024-03-14 16:00:00,2024-03-14 16:00:00,A,AER,SOCHI,RUSSIAN FEDERATION,3,LANDED,0.0
6H,45,2024-03-14 16:05:00,2024-03-14 16:05:00,D,ETM,RAMON,ISRAEL,3,DEPARTED,0.0
LY,571,2024-03-14 16:10:00,2024-03-14 16:10:00,D,OTP,BUCHAREST,ROMANIA,3,DEPARTED,0.0
IZ,822,2024-03-14 16:10:00,2024-03-14 16:10:00,A,ETM,RAMON,ISRAEL,3,LANDED,0.0
A3,925,2024-03-14 16:10:00,2024-03-14 16:10:00,D,ATH,ATHENS,GREECE,3,DEPARTED,0.0
AI,139,2024-03-14 16:10:00,2024-03-14 16:10:00,A,DEL,NEW DELHI,INDIA,3,LANDED,0.0
A4,5024,2024-03-14 16:10:00,2024-03-14 16:10:00,D,AER,SOCHI,RUSSIAN FEDERATION,3,DEPARTED,0.0
LY,2367,2024-03-14 16:10:00,2024-03-14 16:10:00,D,BUD,BUDAPEST,HUNGARY,3,DEPARTED,0.0
LY,974,2024-03-14 16:10:00,2024-03-14 16:10:00,A,DXB,DUBAI,UNITED ARAB EMIRATES,3,LANDED,0.0
IZ,827,2024-03-14 16:10:00,2024-03-14 16:10:00,D,ETM,RAMON,ISRAEL,3,DEPARTED,0.0
6H,46,2024-03-14 16:10:00,2024-03-14 16:10:00,A,ETM,RAMON,ISRAEL,3,LANDED,0.0
LY,81,2024-03-14 16:10:00,2024-03-14 16:10:00,D,BKK,BANGKOK,THAILAND,3,DEPARTED,0.0
QF,5020,2024-03-14 16:15:00,2024-03-14 16:15:00,D,BKK,BANGKOK,THAILAND,3,DEPARTED,0.0
TG,4584,2024-03-14 16:25:00,2024-03-14 16:25:00,D,BKK,BANGKOK,THAILAND,3,DEPARTED,0.0
VN,3298,2024-03-14 16:25:00,2024-03-14 16:25:00,D,BKK,BANGKOK,THAILAND,3,DEPARTED,0.0
LY,5102,2024-03-14 16:30:00,2024-03-14 16:30:00,A,WAW,WARSAW,POLAND,3,LANDED,0.0
LY,543,2024-03-14 16:35:00,2024-03-14 16:35:00,D,ATH,ATHENS,GREECE,3,DEPARTED,0.0
LY,5133,2024-03-14 16:35:00,2024-03-14 16:35:00,D,LCA,LARNACA,CYPRUS,3,DEPARTED,0.0
AA,9259,2024-03-14 16:35:00,2024-03-14 16:35:00,A,CDG,PARIS,FRANCE,3,LANDED,0.0
AM,7862,2024-03-14 16:40:00,2024-03-14 16:40:00,A,CDG,PARIS,FRANCE,3,LANDED,0.0
LY,324,2024-03-14 16:40:00,2024-03-14 16:40:00,A,CDG,PARIS,FRANCE,3,LANDED,0.0
SK,3160,2024-03-14 16:40:00,2024-03-14 16:40:00,A,CDG,PARIS,FRANCE,3,LANDED,0.0
LY,612,2024-03-14 16:40:00,2024-03-14 16:40:00,A,DME,MOSCOW,RUSSIAN FEDERATION,3,LANDED,0.0
S7,4483,2024-03-14 16:50:00,2024-03-14 16:50:00,A,DME,MOSCOW,RUSSIAN FEDERATION,3,LANDED,0.0
AA,9260,2024-03-14 16:50:00,2024-03-14 16:50:00,A,LHR,LONDON,UNITED KINGDOM,3,LANDED,0.0
LY,316,2024-03-14 16:50:00,2024-03-14 16:50:00,A,LHR,LONDON,UNITED KINGDOM,3,LANDED,0.0
LY,5108,2024-03-14 16:50:00,2024-03-14 16:50:00,A,TBS,TBILISI,GEORGIA,3,LANDED,0.0
AI,140,2024-03-14 17:00:00,2024-03-14 17:00:00,D,DEL,NEW DELHI,INDIA,3,DEPARTED,0.0
6H,562,2024-03-14 17:00:00,2024-03-14 17:00:00,A,ATH,ATHENS,GREECE,3,LANDED,0.0
6H,585,2024-03-14 17:00:00,2024-03-14 17:00:00,D,LCA,LARNACA,CYPRUS,3,DEPARTED,0.0
IZ,828,2024-03-14 17:00:00,2024-03-14 17:00:00,A,ETM,RAMON,ISRAEL,3,LANDED,0.0
LY,88,2024-03-14 17:05:00,2024-03-14 17:05:00,A,HKT,PHUKET,THAILAND,3,LANDED,0.0
IZ,282,2024-03-14 17:05:00,2024-03-14 17:05:00,A,PRG,PRAGUE,CZECH REPUBLIC,3,LANDED,0.0
IZ,212,2024-03-14 17:05:00,2024-03-14 17:05:00,A,ATH,ATHENS,GREECE,3,LANDED,0.0
LY,92,2024-03-14 17:05:00,2024-03-14 17:05:00,A,NRT,TOKYO,JAPAN,3,LANDED,0.0
H7,457,2024-03-14 17:05:00,2024-03-14 17:05:00,A,RMO,CHISINAU,MOLDOVA,3,LANDED,0.0
LY,5134,2024-03-14 17:10:00,2024-03-14 17:10:00,A,LCA,LARNACA,CYPRUS,3,LANDED,0.0
6H,892,2024-03-14 17:10:00,2024-03-14 17:10:00,A,TBS,TBILISI,GEORGIA,3,LANDED,0.0
6H,586,2024-03-14 17:10:00,2024-03-14 17:10:00,A,LCA,LARNACA,CYPRUS,3,LANDED,0.0
H7,458,2024-03-14 17:10:00,2024-03-14 17:10:00,D,RMO,CHISINAU,MOLDOVA,3,DEPARTED,0.0
ET,404,2024-03-14 17:15:00,2024-03-14 17:15:00,A,ADD,ADDIS ABABA,ETHIOPIA,3,LANDED,0.0
LY,8804,2024-03-14 17:15:00,2024-03-14 17:15:00,A,ADD,ADDIS ABABA,ETHIOPIA,3,LANDED,0.0
LY,5110,2024-03-14 17:25:00,2024-03-14 17:25:00,A,TBS,TBILISI,GEORGIA,3,LANDED,0.0
6H,728,2024-03-14 17:30:00,2024-03-14 17:30:00,A,BUD,BUDAPEST,HUNGARY,3,LANDED,0.0
LY,356,2024-03-14 17:45:00,2024-03-14 17:45:00,A,FRA,FRANKFURT,GERMANY,3,LANDED,0.0
LY,364,2024-03-14 17:50:00,2024-03-14 17:50:00,A,VIE,VIENNA,AUSTRIA,3,LANDED,0.0
LY,572,2024-03-14 17:50:00,2024-03-14 17:50:00,A,OTP,BUCHAREST,ROMANIA,3,LANDED,0.0
AM,7869,2024-03-14 17:50:00,2024-03-14 17:50:00,D,JFK,NEW YORK,UNITED STATES,3,DEPARTED,0.0
AR,7853,2024-03-14 17:50:00,2024-03-14 17:50:00,D,JFK,NEW YORK,UNITED STATES,3,DEPARTED,0.0
B6,6451,2024-03-14 17:50:00,2024-03-14 17:50:00,D,JFK,NEW YORK,UNITED STATES,3,DEPARTED,0.0
DL,7424,2024-03-14 17:50:00,2024-03-14 17:50:00,D,JFK,NEW YORK,UNITED STATES,3,DEPARTED,0.0
LY,1,2024-03-14 17:55:00,2024-03-14 17:55:00,D,JFK,NEW YORK,UNITED STATES,3,DEPARTED,0.0
LY,388,2024-03-14 18:00:00,2024-03-14 18:00:00,A,MXP,MILAN,ITALY,3,LANDED,0.0
SK,3180,2024-03-14 18:00:00,2024-03-14 18:00:00,A,MXP,MILAN,ITALY,3,LANDED,0.0
TP,8901,2024-03-14 18:00:00,2024-03-14 18:00:00,A,MXP,MILAN,ITALY,3,LANDED,0.0
B6,6481,2024-03-14 18:00:00,2024-03-14 18:00:00,D,EWR,NEWARK,UNITED STATES,3,DEPARTED,0.0
DL,7441,2024-03-14 18:00:00,2024-03-14 18:00:00,D,EWR,NEWARK,UNITED STATES,3,DEPARTED,0.0
LY,25,2024-03-14 18:05:00,2024-03-14 18:05:00,D,EWR,NEWARK,UNITED STATES,3,DEPARTED,0.0
LY,328,2024-03-14 18:05:00,2024-03-14 18:05:00,A,CDG,PARIS,FRANCE,3,LANDED,0.0
SK,3162,2024-03-14 18:10:00,2024-03-14 18:10:00,A,CDG,PARIS,FRANCE,3,LANDED,0.0
AM,7875,2024-03-14 18:20:00,2024-03-14 18:20:00,D,LAX,LOS ANGELES,UNITED STATES,3,DEPARTED,0.0
B6,6461,2024-03-14 18:20:00,2024-03-14 18:20:00,D,LAX,LOS ANGELES,UNITED STATES,3,DEPARTED,0.0
DL,7428,2024-03-14 18:35:00,2024-03-14 18:35:00,D,LAX,LOS ANGELES,UNITED STATES,3,DEPARTED,0.0
LY,5,2024-03-14 18:55:00,2024-03-14 18:55:00,D,LAX,LOS ANGELES,UNITED STATES,3,DEPARTED,0.0
BZ,701,2024-03-14 18:55:00,2024-03-14 18:55:00,A,ATH,ATHENS,GREECE,3,LANDED,0.0
LY,544,2024-03-14 19:15:00,2024-03-14 19:15:00,A,ATH,ATHENS,GREECE,3,LANDED,0.0
AR,7851,2024-03-14 19:15:00,2024-03-14 19:15:00,D,MIA,MIAMI,UNITED STATES,3,DEPARTED,0.0
B6,6467,2024-03-14 19:20:00,2024-03-14 19:20:00,D,MIA,MIAMI,UNITED STATES,3,DEPARTED,0.0
DL,7437,2024-03-14 19:20:00,2024-03-14 19:20:00,D,MIA,MIAMI,UNITED STATES,3,DEPARTED,0.0
LY,17,2024-03-14 19:20:00,2024-03-14 19:20:00,D,MIA,MIAMI,UNITED STATES,3,DEPARTED,0.0
B6,6483,2024-03-14 19:20:00,2024-03-14 19:20:00,D,EWR,NEWARK,UNITED STATES,3,DEPARTED,0.0
DL,7443,2024-03-14 19:20:00,2024-03-14 19:20:00,D,EWR,NEWARK,UNITED STATES,3,DEPARTED,0.0
LY,27,2024-03-14 19:25:00,2024-03-14 19:25:00,D,EWR,NEWARK,UNITED STATES,3,DEPARTED,0.0
ET,405,2024-03-14 19:50:00,2024-03-14 19:50:00,D,ADD,ADDIS ABABA,ETHIOPIA,3,DEPARTED,0.0
LY,8807,2024-03-14 20:00:00,2024-03-14 20:00:00,D,ADD,ADDIS ABABA,ETHIOPIA,3,DEPARTED,0.0
LY,2524,2024-03-14 20:00:00,2024-03-14 20:00:00,A,PRG,PRAGUE,CZECH REPUBLIC,3,LANDED,0.0
A3,928,2024-03-14 20:10:00,2024-03-14 20:10:00,A,ATH,ATHENS,GREECE,3,LANDED,0.0
FB,1528,2024-03-14 20:20:00,2024-03-14 20:20:00,A,ATH,ATHENS,GREECE,3,LANDED,0.0
LY,376,2024-03-14 20:20:00,2024-03-14 20:20:00,A,LIS,LISBON,PORTUGAL,3,LANDED,0.0
TP,8913,2024-03-14 20:40:00,2024-03-14 20:40:00,A,LIS,LISBON,PORTUGAL,3,LANDED,0.0
AM,7850,2024-03-14 20:45:00,2024-03-14 20:45:00,A,AMS,AMSTERDAM,NETHERLANDS,3,LANDED,0.0
LY,336,2024-03-14 20:45:00,2024-03-14 20:45:00,A,AMS,AMSTERDAM,NETHERLANDS,3,LANDED,0.0
SK,3152,2024-03-14 20:55:00,2024-03-14 20:55:00,A,AMS,AMSTERDAM,NETHERLANDS,3,LANDED,0.0
LY,3010,2024-03-14 20:55:00,2024-03-14 20:55:00,A,JFK,NEW YORK,UNITED STATES,3,CANCELED,0.0
LY,2360,2024-03-14 21:05:00,2024-03-14 21:05:00,A,BUD,BUDAPEST,HUNGARY,3,LANDED,0.0
AM,7854,2024-03-14 21:05:00,2024-03-14 21:05:00,A,CDG,PARIS,FRANCE,3,LANDED,0.0
LY,326,2024-03-14 21:10:00,2024-03-14 21:10:00,A,CDG,PARIS,FRANCE,3,LANDED,0.0
SK,3158,2024-03-14 21:10:00,2024-03-14 21:10:00,A,CDG,PARIS,FRANCE,3,LANDED,0.0
LO,151,2024-03-14 21:20:00,2024-03-14 21:20:00,A,WAW,WARSAW,POLAND,3,LANDED,0.0
LY,9256,2024-03-14 21:30:00,2024-03-14 21:30:00,A,WAW,WARSAW,POLAND,3,LANDED,0.0
OS,859,2024-03-14 21:30:00,2024-03-14 21:30:00,A,VIE,VIENNA,AUSTRIA,3,LANDED,0.0
LY,134,2024-03-14 21:30:00,2024-03-14 21:30:00,A,JFK,NEW YORK,UNITED STATES,3,LANDED,0.0
AA,9267,2024-03-14 21:30:00,2024-03-14 21:30:00,A,LHR,LONDON,UNITED KINGDOM,3,LANDED,0.0
AM,7876,2024-03-14 21:35:00,2024-03-14 21:35:00,A,LHR,LONDON,UNITED KINGDOM,3,LANDED,0.0
LY,318,2024-03-14 21:40:00,2024-03-14 21:40:00,A,LHR,LONDON,UNITED KINGDOM,3,LANDED,0.0
SK,3174,2024-03-14 21:40:00,2024-03-14 21:40:00,A,LHR,LONDON,UNITED KINGDOM,3,LANDED,0.0
QS,1286,2024-03-14 21:50:00,2024-03-14 21:50:00,A,PRG,PRAGUE,CZECH REPUBLIC,3,LANDED,0.0
BZ,251,2024-03-14 22:05:00,2024-03-14 22:05:00,A,BCN,BARCELONA,SPAIN,3,LANDED,0.0
A3,929,2024-03-14 22:15:00,2024-03-14 22:15:00,D,ATH,ATHENS,GREECE,3,DEPARTED,0.0
FB,1529,2024-03-14 22:15:00,2024-03-14 22:15:00,D,ATH,ATHENS,GREECE,3,DEPARTED,0.0
JU,7623,2024-03-14 22:30:00,2024-03-14 22:30:00,D,ATH,ATHENS,GREECE,3,DEPARTED,0.0
LO,152,2024-03-14 22:50:00,2024-03-14 22:50:00,D,WAW,WARSAW,POLAND,3,DEPARTED,0.0
LY,9255,2024-03-14 22:50:00,2024-03-14 22:50:00,D,WAW,WARSAW,POLAND,3,DEPARTED,0.0
NH,5620,2024-03-14 22:50:00,2024-03-14 22:50:00,D,VIE,VIENNA,AUSTRIA,3,DEPARTED,0.0
OS,860,2024-03-14 22:50:00,2024-03-14 22:50:00,D,VIE,VIENNA,AUSTRIA,3,DEPARTED,0.0
LY,82,2024-03-14 22:55:00,2024-03-14 22:55:00,A,BKK,BANGKOK,THAILAND,3,LANDED,0.0
QF,5021,2024-03-14 23:20:00,2024-03-14 23:20:00,A,BKK,BANGKOK,THAILAND,3,LANDED,0.0
TG,5483,2024-03-14 23:30:00,2024-03-14 23:30:00,A,BKK,BANGKOK,THAILAND,3,LANDED,0.0
VN,3299,2024-03-14 23:50:00,2024-03-14 23:50:00,A,BKK,BANGKOK,THAILAND,3,LANDED,0.0
B6,6484,2024-03-14 23:50:00,2024-03-14 23:50:00,A,EWR,NEWARK,UNITED STATES,3,LANDED,0.0
DL,7444,2024-03-14 23:55:00,2024-03-14 23:55:00,A,EWR,NEWARK,UNITED STATES,3,LANDED,0.0
LY,28,2024-03-15 00:05:00,2024-03-15 00:05:00,A,EWR,NEWARK,UNITED STATES,3,LANDED,0.0
QS,1287,2024-03-15 00:05:00,2024-03-15 00:05:00,D,PRG,PRAGUE,CZECH REPUBLIC,3,DEPARTED,0.0
LY,2371,2024-03-15 00:05:00,2024-03-15 00:05:00,D,BER,BERLIN,GERMANY,3,DEPARTED,0.0
SK,3157,2024-03-15 00:10:00,2024-03-15 00:10:00,D,BER,BERLIN,GERMANY,3,DEPARTED,0.0
AA,9262,2024-03-15 00:10:00,2024-03-15 00:10:00,D,CDG,PARIS,FRANCE,3,DEPARTED,0.0
AM,7867,2024-03-15 00:10:00,2024-03-15 00:10:00,D,CDG,PARIS,FRANCE,3,DEPARTED,0.0
LY,319,2024-03-15 00:20:00,2024-03-15 00:20:00,D,CDG,PARIS,FRANCE,3,DEPARTED,0.0
SK,3161,2024-03-15 00:20:00,2024-03-15 00:20:00,D,CDG,PARIS,FRANCE,3,DEPARTED,0.0
AM,7864,2024-03-15 00:20:00,2024-03-15 00:20:00,D,AMS,AMSTERDAM,NETHERLANDS,3,DEPARTED,0.0
LY,337,2024-03-15 00:20:00,2024-03-15 00:20:00,D,AMS,AMSTERDAM,NETHERLANDS,3,DEPARTED,0.0
SK,3155,2024-03-15 00:25:00,2024-03-15 00:25:00,D,AMS,AMSTERDAM,NETHERLANDS,3,DEPARTED,0.0
LY,345,2024-03-15 00:35:00,2024-03-15 00:35:00,D,GVA,GENEVA,SWITZERLAND,3,DEPARTED,0.0
AR,7877,2024-03-15 00:35:00,2024-03-15 00:35:00,D,FCO,ROME,ITALY,3,DEPARTED,0.0
LY,385,2024-03-15 00:35:00,2024-03-15 00:35:00,D,FCO,ROME,ITALY,3,DEPARTED,0.0
SK,3167,2024-03-15 00:55:00,2024-03-15 00:55:00,D,FCO,ROME,ITALY,3,DEPARTED,0.0
TP,8898,2024-03-15 00:55:00,2024-03-15 00:55:00,D,FCO,ROME,ITALY,3,DEPARTED,0.0
LY,357,2024-03-15 01:00:00,2024-03-15 01:00:00,D,FRA,FRANKFURT,GERMANY,3,DEPARTED,0.0
SK,3165,2024-03-15 01:00:00,2024-03-15 01:00:00,D,FRA,FRANKFURT,GERMANY,3,DEPARTED,0.0
IZ,801,2024-03-15 01:00:00,2024-03-15 01:00:00,D,ETM,RAMON,ISRAEL,3,DEPARTED,0.0
LY,361,2024-03-15 01:00:00,2024-03-15 01:00:00,D,VIE,VIENNA,AUSTRIA,3,DEPARTED,0.0
LY,4,2024-03-15 01:00:00,2024-03-15 01:00:00,A,JFK,NEW YORK,UNITED STATES,3,LANDED,0.0
AA,9265,2024-03-15 01:00:00,2024-03-15 01:00:00,D,MAD,MADRID,SPAIN,3,DEPARTED,0.0
AM,7879,2024-03-15 01:00:00,2024-03-15 01:00:00,D,MAD,MADRID,SPAIN,3,DEPARTED,0.0
AR,7871,2024-03-15 01:05:00,2024-03-15 01:05:00,D,MAD,MADRID,SPAIN,3,DEPARTED,0.0
IB,2394,2024-03-15 01:05:00,2024-03-15 01:05:00,D,MAD,MADRID,SPAIN,3,DEPARTED,0.0
LY,395,2024-03-15 01:05:00,2024-03-15 01:05:00,D,MAD,MADRID,SPAIN,3,DEPARTED,0.0
IB,2392,2024-03-15 01:05:00,2024-03-15 01:05:00,D,BCN,BARCELONA,SPAIN,3,DEPARTED,0.0
LY,393,2024-03-15 01:05:00,2024-03-15 01:05:00,D,BCN,BARCELONA,SPAIN,3,DEPARTED,0.0
LY,381,2024-03-15 01:30:00,2024-03-15 01:30:00,D,MXP,MILAN,ITALY,3,DEPARTED,0.0
SK,3185,2024-03-15 01:30:00,2024-03-15 01:30:00,D,MXP,MILAN,ITALY,3,DEPARTED,0.0
TP,8910,2024-03-15 01:50:00,2024-03-15 01:50:00,D,MXP,MILAN,ITALY,3,DEPARTED,0.0
LY,541,2024-03-15 01:50:00,2024-03-15 01:50:00,D,ATH,ATHENS,GREECE,3,DEPARTED,0.0
LY,5101,2024-03-15 02:10:00,2024-03-15 02:10:00,D,WAW,WARSAW,POLAND,3,DEPARTED,0.0
LY,573,2024-03-15 02:10:00,2024-03-15 02:10:00,D,OTP,BUCHAREST,ROMANIA,3,DEPARTED,0.0
LY,5131,2024-03-15 02:10:00,2024-03-15 02:10:00,D,LCA,LARNACA,CYPRUS,3,DEPARTED,0.0
LY,311,2024-03-15 02:10:00,2024-03-15 02:10:00,D,LTN,LONDON LUTON,UNITED KINGDOM,3,DEPARTED,0.0
BZ,132,2024-03-15 02:10:00,2024-03-15 02:10:00,D,FCO,ROME,ITALY,3,DEPARTED,0.0
IZ,103,2024-03-15 02:15:00,2024-03-15 02:15:00,D,VNO,VILNIUS,LITHUANIA,3,DEPARTED,0.0
LY,2365,2024-03-15 02:15:00,2024-03-15 02:15:00,D,BUD,BUDAPEST,HUNGARY,3,DEPARTED,0.0
LY,347,2024-03-15 02:15:00,2024-03-15 02:15:00,D,ZRH,ZURICH,SWITZERLAND,3,DEPARTED,0.0
SK,3189,2024-03-15 02:15:00,2024-03-15 02:15:00,D,ZRH,ZURICH,SWITZERLAND,3,DEPARTED,0.0
UA,84,2024-03-15 02:15:00,2024-03-15 02:15:00,A,EWR,NEWARK,UNITED STATES,3,LANDED,0.0
6H,43,2024-03-15 02:20:00,2024-03-15 02:20:00,D,ETM,RAMON,ISRAEL,3,DEPARTED,0.0
6H,661,2024-03-15 02:25:00,2024-03-15 02:25:00,D,DXB,DUBAI,UNITED ARAB EMIRATES,3,DEPARTED,0.0
IZ,803,2024-03-15 02:30:00,2024-03-15 02:30:00,D,ETM,RAMON,ISRAEL,3,DEPARTED,0.0
6H,883,2024-03-15 02:30:00,2024-03-15 02:30:00,D,BUS,BATUMI,GEORGIA,3,DEPARTED,0.0
LY,551,2024-03-15 02:45:00,2024-03-15 02:45:00,D,SOF,SOFIA,BULGARIA,3,DEPARTED,0.0
EK,2369,2024-03-15 02:55:00,2024-03-15 02:55:00,A,DXB,DUBAI,UNITED ARAB EMIRATES,3,LANDED,0.0
FZ,1549,2024-03-15 02:55:00,2024-03-15 02:55:00,A,DXB,DUBAI,UNITED ARAB EMIRATES,3,LANDED,0.0
BZ,252,2024-03-15 02:55:00,2024-03-15 02:55:00,D,BCN,BARCELONA,SPAIN,3,DEPARTED,0.0
LY,611,2024-03-15 02:55:00,2024-03-15 02:55:00,D,DME,MOSCOW,RUSSIAN FEDERATION,3,DEPARTED,0.0
S7,4482,2024-03-15 02:55:00,2024-03-15 02:55:00,D,DME,MOSCOW,RUSSIAN FEDERATION,3,DEPARTED,0.0
AR,7850,2024-03-15 02:55:00,2024-03-15 02:55:00,A,MIA,MIAMI,UNITED STATES,3,LANDED,0.0
B6,6468,2024-03-15 02:55:00,2024-03-15 02:55:00,A,MIA,MIAMI,UNITED STATES,3,LANDED,0.0
DL,7438,2024-03-15 02:55:00,2024-03-15 02:55:00,A,MIA,MIAMI,UNITED STATES,3,LANDED,0.0
LY,18,2024-03-15 03:00:00,2024-03-15 03:00:00,A,MIA,MIAMI,UNITED STATES,3,LANDED,0.0
IZ,802,2024-03-15 03:55:00,2024-03-15 03:20:00,A,ETM,RAMON,ISRAEL,3,LANDED,0.0
LY,5129,2024-03-15 03:20:00,2024-03-15 03:20:00,D,RMO,CHISINAU,MOLDOVA,3,DEPARTED,0.0
LY,3,2024-03-15 03:55:00,2024-03-15 03:20:00,D,JFK,NEW YORK,UNITED STATES,3,DEPARTED,0.0
AM,7885,2024-03-15 03:55:00,2024-03-15 03:20:00,D,CDG,PARIS,FRANCE,3,DEPARTED,0.0
LY,323,2024-03-15 03:30:00,2024-03-15 03:30:00,D,CDG,PARIS,FRANCE,3,DEPARTED,0.0
SK,3163,2024-03-15 03:30:00,2024-03-15 03:30:00,D,CDG,PARIS,FRANCE,3,DEPARTED,0.0
AA,9261,2024-03-15 03:30:00,2024-03-15 03:30:00,D,LHR,LONDON,UNITED KINGDOM,3,DEPARTED,0.0
AM,7863,2024-03-15 03:30:00,2024-03-15 03:30:00,D,LHR,LONDON,UNITED KINGDOM,3,DEPARTED,0.0
LY,315,2024-03-15 03:35:00,2024-03-15 03:35:00,D,LHR,LONDON,UNITED KINGDOM,3,DEPARTED,0.0
SK,3181,2024-03-15 03:45:00,2024-03-15 03:45:00,D,LHR,LONDON,UNITED KINGDOM,3,DEPARTED,0.0
EK,2450,2024-03-15 03:45:00,2024-03-15 03:45:00,A,DXB,DUBAI,UNITED ARAB EMIRATES,3,LANDED,0.0
FZ,1081,2024-03-15 03:50:00,2024-03-15 03:50:00,A,DXB,DUBAI,UNITED ARAB EMIRATES,3,LANDED,0.0
EK,2370,2024-03-15 03:50:00,2024-03-15 03:50:00,D,DXB,DUBAI,UNITED ARAB EMIRATES,3,DEPARTED,0.0
FZ,1550,2024-03-15 03:50:00,2024-03-15 03:50:00,D,DXB,DUBAI,UNITED ARAB EMIRATES,3,DEPARTED,0.0
LY,5132,2024-03-15 03:50:00,2024-03-15 03:50:00,A,LCA,LARNACA,CYPRUS,3,LANDED,0.0
IZ,640,2024-03-15 04:15:00,2024-03-15 04:15:00,A,CMB,COLOMBO,SRI LANKA,3,CANCELED,0.0
IZ,807,2024-03-15 04:15:00,2024-03-15 04:15:00,D,ETM,RAMON,ISRAEL,3,DEPARTED,0.0
IZ,640,2024-03-15 04:20:00,2024-03-15 04:20:00,A,CMB,COLOMBO,SRI LANKA,3,LANDED,0.0
IZ,413,2024-03-15 04:20:00,2024-03-15 04:20:00,D,BUS,BATUMI,GEORGIA,3,DEPARTED,0.0
6H,44,2024-03-15 04:20:00,2024-03-15 04:20:00,A,ETM,RAMON,ISRAEL,3,LANDED,0.0
IZ,804,2024-03-15 04:20:00,2024-03-15 04:20:00,A,ETM,RAMON,ISRAEL,3,LANDED,0.0
6H,583,2024-03-15 04:20:00,2024-03-15 04:20:00,D,LCA,LARNACA,CYPRUS,3,DEPARTED,0.0
UA,85,2024-03-15 04:30:00,2024-03-15 04:30:00,D,EWR,NEWARK,UNITED STATES,3,DEPARTED,0.0
AM,7868,2024-03-15 04:35:00,2024-03-15 04:35:00,A,JFK,NEW YORK,UNITED STATES,3,LANDED,0.0
AR,7852,2024-03-15 04:35:00,2024-03-15 04:35:00,A,JFK,NEW YORK,UNITED STATES,3,LANDED,0.0
B6,6450,2024-03-15 05:05:00,2024-03-15 05:05:00,A,JFK,NEW YORK,UNITED STATES,3,LANDED,0.0
DL,7425,2024-03-15 05:05:00,2024-03-15 05:05:00,A,JFK,NEW YORK,UNITED STATES,3,LANDED,0.0
LY,2,2024-03-15 05:05:00,2024-03-15 05:05:00,A,JFK,NEW YORK,UNITED STATES,3,LANDED,0.0
A4,5025,2024-03-15 05:05:00,2024-03-15 05:05:00,A,AER,SOCHI,RUSSIAN FEDERATION,3,LANDED,0.0
IZ,2823,2024-03-15 05:05:00,2024-03-15 05:05:00,D,ETM,RAMON,ISRAEL,3,CANCELED,0.0
EY,593,2024-03-15 05:15:00,2024-03-15 05:15:00,A,AUH,ABU DHABI,UNITED ARAB EMIRATES,3,LANDED,0.0
LY,9600,2024-03-15 05:20:00,2024-03-15 05:20:00,A,AUH,ABU DHABI,UNITED ARAB EMIRATES,3,LANDED,0.0
EK,2451,2024-03-15 05:20:00,2024-03-15 05:20:00,D,DXB,DUBAI,UNITED ARAB EMIRATES,3,DEPARTED,0.0
FZ,1082,2024-03-15 05:20:00,2024-03-15 05:20:00,D,DXB,DUBAI,UNITED ARAB EMIRATES,3,DEPARTED,0.0
A3,926,2024-03-15 05:20:00,2024-03-15 05:20:00,A,ATH,ATHENS,GREECE,3,LANDED,0.0
JU,7620,2024-03-15 05:20:00,2024-03-15 05:20:00,A,ATH,ATHENS,GREECE,3,LANDED,0.0
LY,542,2024-03-15 05:20:00,2024-03-15 05:20:00,A,ATH,ATHENS,GREECE,3,LANDED,0.0
IZ,2823,2024-03-15 05:20:00,2024-03-15 05:20:00,D,ETM,RAMON,ISRAEL,3,DEPARTED,0.0
6H,47,2024-03-15 05:20:00,2024-03-15 05:20:00,D,ETM,RAMON,ISRAEL,3,DEPARTED,0.0
EK,2363,2024-03-15 05:25:00,2024-03-15 05:25:00,A,DXB,DUBAI,UNITED ARAB EMIRATES,3,LANDED,0.0
FZ,1211,2024-03-15 05:25:00,2024-03-15 05:25:00,A,DXB,DUBAI,UNITED ARAB EMIRATES,3,LANDED,0.0
LY,23,2024-03-15 05:30:00,2024-03-15 05:30:00,D,EWR,NEWARK,UNITED STATES,3,DEPARTED,0.0
A4,5026,2024-03-15 05:30:00,2024-03-15 05:30:00,D,AER,SOCHI,RUSSIAN FEDERATION,3,DEPARTED,0.0
B6,6466,2024-03-15 05:30:00,2024-03-15 05:30:00,A,BOS,BOSTON,UNITED STATES,3,LANDED,0.0
DL,7436,2024-03-15 05:35:00,2024-03-15 05:35:00,A,BOS,BOSTON,UNITED STATES,3,LANDED,0.0
LY,16,2024-03-15 05:45:00,2024-03-15 05:45:00,A,BOS,BOSTON,UNITED STATES,3,LANDED,0.0
IZ,808,2024-03-15 05:50:00,2024-03-15 05:50:00,A,ETM,RAMON,ISRAEL,3,LANDED,0.0
LY,973,2024-03-15 05:50:00,2024-03-15 05:50:00,D,DXB,DUBAI,UNITED ARAB EMIRATES,3,DEPARTED,0.0
6H,584,2024-03-15 05:50:00,2024-03-15 05:50:00,A,LCA,LARNACA,CYPRUS,3,LANDED,0.0
A3,927,2024-03-15 06:00:00,2024-03-15 06:00:00,D,ATH,ATHENS,GREECE,3,DEPARTED,0.0
EK,4978,2024-03-15 06:00:00,2024-03-15 06:00:00,D,ATH,ATHENS,GREECE,3,DEPARTED,0.0
ET,418,2024-03-15 06:00:00,2024-03-15 06:00:00,A,ADD,ADDIS ABABA,ETHIOPIA,3,LANDED,0.0
FB,1514,2024-03-15 06:00:00,2024-03-15 06:00:00,D,ATH,ATHENS,GREECE,3,DEPARTED,0.0
JU,7621,2024-03-15 06:05:00,2024-03-15 06:05:00,D,ATH,ATHENS,GREECE,3,DEPARTED,0.0
LY,8808,2024-03-15 06:05:00,2024-03-15 06:05:00,A,ADD,ADDIS ABABA,ETHIOPIA,3,LANDED,0.0
EY,594,2024-03-15 06:10:00,2024-03-15 06:10:00,D,AUH,ABU DHABI,UNITED ARAB EMIRATES,3,DEPARTED,0.0
LY,9601,2024-03-15 06:10:00,2024-03-15 06:10:00,D,AUH,ABU DHABI,UNITED ARAB EMIRATES,3,DEPARTED,0.0
EK,2345,2024-03-15 06:10:00,2024-03-15 06:10:00,A,DXB,DUBAI,UNITED ARAB EMIRATES,3,LANDED,0.0
FZ,1125,2024-03-15 06:10:00,2024-03-15 06:10:00,A,DXB,DUBAI,UNITED ARAB EMIRATES,3,LANDED,0.0
BZ,703,2024-03-15 06:15:00,2024-03-15 06:15:00,A,ATH,ATHENS,GREECE,3,LANDED,0.0
LY,574,2024-03-15 06:15:00,2024-03-15 06:15:00,A,OTP,BUCHAREST,ROMANIA,3,LANDED,0.0
EK,2364,2024-03-15 06:15:00,2024-03-15 06:15:00,D,DXB,DUBAI,UNITED ARAB EMIRATES,3,DEPARTED,0.0
FZ,1212,2024-03-15 06:15:00,2024-03-15 06:15:00,D,DXB,DUBAI,UNITED ARAB EMIRATES,3,DEPARTED,0.0
AM,7874,2024-03-15 06:15:00,2024-03-15 06:15:00,A,LAX,LOS ANGELES,UNITED STATES,3,LANDED,0.0
B6,6462,2024-03-15 06:25:00,2024-03-15 06:25:00,A,LAX,LOS ANGELES,UNITED STATES,3,LANDED,0.0
LY,6,2024-03-15 06:25:00,2024-03-15 06:25:00,A,LAX,LOS ANGELES,UNITED STATES,3,LANDED,0.0
IZ,815,2024-03-15 06:30:00,2024-03-15 06:30:00,D,ETM,RAMON,ISRAEL,3,DEPARTED,0.0
IZ,2824,2024-03-15 06:30:00,2024-03-15 06:30:00,A,ETM,RAMON,ISRAEL,3,CANCELED,0.0
6H,884,2024-03-15 06:35:00,2024-03-15 06:35:00,A,BUS,BATUMI,GEORGIA,3,LANDED,0.0
LY,327,2024-03-15 06:35:00,2024-03-15 06:35:00,D,CDG,PARIS,FRANCE,3,DEPARTED,0.0
SK,3159,2024-03-15 06:35:00,2024-03-15 06:35:00,D,CDG,PARIS,FRANCE,3,DEPARTED,0.0
LY,375,2024-03-15 06:45:00,2024-03-15 06:45:00,D,LIS,LISBON,PORTUGAL,3,DEPARTED,0.0
TP,8920,2024-03-15 06:45:00,2024-03-15 06:45:00,D,LIS,LISBON,PORTUGAL,3,DEPARTED,0.0
LY,552,2024-03-15 06:45:00,2024-03-15 06:45:00,A,SOF,SOFIA,BULGARIA,3,LANDED,0.0
UX,1301,2024-03-15 06:45:00,2024-03-15 06:45:00,A,MAD,MADRID,SPAIN,3,LANDED,0.0
B6,6482,2024-03-15 07:00:00,2024-03-15 07:00:00,A,EWR,NEWARK,UNITED STATES,3,LANDED,0.0
DL,7442,2024-03-15 07:00:00,2024-03-15 07:00:00,A,EWR,NEWARK,UNITED STATES,3,LANDED,0.0
LY,26,2024-03-15 07:05:00,2024-03-15 07:05:00,A,EWR,NEWARK,UNITED STATES,3,LANDED,0.0
IZ,511,2024-03-15 07:30:00,2024-03-15 07:30:00,D,AMS,AMSTERDAM,NETHERLANDS,3,DEPARTED,0.0
IZ,2824,2024-03-15 07:30:00,2024-03-15 07:30:00,A,ETM,RAMON,ISRAEL,3,LANDED,0.0
AR,7876,2024-03-15 08:00:00,2024-03-15 08:00:00,A,FCO,ROME,ITALY,3,LANDED,0.0
LY,386,2024-03-15 08:00:00,2024-03-15 08:00:00,A,FCO,ROME,ITALY,3,LANDED,0.0
DN,901,2024-03-15 08:05:00,2024-03-15 08:05:00,D,PSA,PISA,ITALY,3,DEPARTED,0.0
LY,5107,2024-03-15 08:05:00,2024-03-15 08:05:00,D,TBS,TBILISI,GEORGIA,3,DEPARTED,0.0
U8,108,2024-03-15 08:20:00,2024-03-15 08:20:00,A,LCA,LARNACA,CYPRUS,3,LANDED,0.0
IZ,211,2024-03-15 08:55:00,2024-03-15 08:55:00,D,ATH,ATHENS,GREECE,3,CANCELED,0.0
LY,2366,2024-03-15 09:00:00,2024-03-15 09:00:00,A,BUD,BUDAPEST,HUNGARY,3,LANDED,0.0
ET,419,2024-03-15 09:00:00,2024-03-15 09:00:00,D,ADD,ADDIS ABABA,ETHIOPIA,3,DEPARTED,0.0
LY,8809,2024-03-15 09:00:00,2024-03-15 09:00:00,D,ADD,ADDIS ABABA,ETHIOPIA,3,DEPARTED,0.0
LY,362,2024-03-15 09:00:00,2024-03-15 09:00:00,A,VIE,VIENNA,AUSTRIA,3,LANDED,0.0
6H,48,2024-03-15 09:05:00,2024-03-15 09:05:00,A,ETM,RAMON,ISRAEL,3,LANDED,0.0
BZ,702,2024-03-15 09:15:00,2024-03-15 09:15:00,D,ATH,ATHENS,GREECE,3,DEPARTED,0.0
EK,2346,2024-03-15 09:15:00,2024-03-15 09:15:00,D,DXB,DUBAI,UNITED ARAB EMIRATES,3,DEPARTED,0.0
FZ,1126,2024-03-15 09:15:00,2024-03-15 09:15:00,D,DXB,DUBAI,UNITED ARAB EMIRATES,3,DEPARTED,0.0
BZ,131,2024-03-15 09:15:00,2024-03-15 09:15:00,A,FCO,ROME,ITALY,3,LANDED,0.0
6H,767,2024-03-15 09:20:00,2024-03-15 09:20:00,D,PRG,PRAGUE,CZECH REPUBLIC,3,DEPARTED,0.0
6H,725,2024-03-15 09:20:00,2024-03-15 09:20:00,D,BUD,BUDAPEST,HUNGARY,3,DEPARTED,0.0
LY,5102,2024-03-15 09:30:00,2024-03-15 09:30:00,A,WAW,WARSAW,POLAND,3,LANDED,0.0
LY,343,2024-03-15 09:30:00,2024-03-15 09:30:00,D,ZRH,ZURICH,SWITZERLAND,3,DEPARTED,0.0
SK,3191,2024-03-15 09:30:00,2024-03-15 09:30:00,D,ZRH,ZURICH,SWITZERLAND,3,DEPARTED,0.0
LY,2372,2024-03-15 09:40:00,2024-03-15 09:40:00,A,BER,BERLIN,GERMANY,3,LANDED,0.0
SK,3154,2024-03-15 09:55:00,2024-03-15 09:55:00,A,BER,BERLIN,GERMANY,3,LANDED,0.0
AF,962,2024-03-15 10:05:00,2024-03-15 10:05:00,A,CDG,PARIS,FRANCE,3,LANDED,0.0
DL,8457,2024-03-15 10:15:00,2024-03-15 10:15:00,A,CDG,PARIS,FRANCE,3,LANDED,0.0
LY,5130,2024-03-15 10:20:00,2024-03-15 10:20:00,A,RMO,CHISINAU,MOLDOVA,3,LANDED,0.0
IZ,414,2024-03-15 10:20:00,2024-03-15 10:20:00,A,BUS,BATUMI,GEORGIA,3,LANDED,0.0
LY,346,2024-03-15 10:20:00,2024-03-15 10:20:00,A,GVA,GENEVA,SWITZERLAND,3,LANDED,0.0
LY,5207,2024-03-15 10:20:00,2024-03-15 10:20:00,D,BEG,BELGRADE,SERBIA,3,DEPARTED,0.0
6H,662,2024-03-15 10:20:00,2024-03-15 10:20:00,A,DXB,DUBAI,UNITED ARAB EMIRATES,3,LANDED,0.0
IZ,816,2024-03-15 10:25:00,2024-03-15 10:25:00,A,ETM,RAMON,ISRAEL,3,LANDED,0.0
IZ,211,2024-03-15 10:30:00,2024-03-15 10:30:00,D,ATH,ATHENS,GREECE,3,DEPARTED,0.0
WZ,11,2024-03-15 10:30:00,2024-03-15 10:30:00,A,LED,S.PETERSBURG,RUSSIAN FEDERATION,3,LANDED,0.0
AM,7856,2024-03-15 10:35:00,2024-03-15 10:35:00,A,JFK,NEW YORK,UNITED STATES,3,LANDED,0.0
AR,7856,2024-03-15 10:45:00,2024-03-15 10:45:00,A,JFK,NEW YORK,UNITED STATES,3,LANDED,0.0
B6,6456,2024-03-15 10:45:00,2024-03-15 10:45:00,A,JFK,NEW YORK,UNITED STATES,3,LANDED,0.0
DL,7431,2024-03-15 10:55:00,2024-03-15 10:55:00,A,JFK,NEW YORK,UNITED STATES,3,LANDED,0.0
LY,8,2024-03-15 10:55:00,2024-03-15 10:55:00,A,JFK,NEW YORK,UNITED STATES,3,LANDED,0.0
LY,382,2024-03-15 11:00:00,2024-03-15 11:00:00,A,MXP,MILAN,ITALY,3,LANDED,0.0
SK,3184,2024-03-15 11:10:00,2024-03-15 11:10:00,A,MXP,MILAN,ITALY,3,LANDED,0.0
U8,109,2024-03-15 11:10:00,2024-03-15 11:10:00,D,LCA,LARNACA,CYPRUS,3,DEPARTED,0.0
UX,1302,2024-03-15 11:10:00,2024-03-15 11:10:00,D,MAD,MADRID,SPAIN,3,DEPARTED,0.0
AM,7871,2024-03-15 11:20:00,2024-03-15 11:20:00,D,JFK,NEW YORK,UNITED STATES,3,DEPARTED,0.0
AR,7855,2024-03-15 11:20:00,2024-03-15 11:20:00,D,JFK,NEW YORK,UNITED STATES,3,DEPARTED,0.0
B6,6455,2024-03-15 11:30:00,2024-03-15 11:30:00,D,JFK,NEW YORK,UNITED STATES,3,DEPARTED,0.0
DL,7430,2024-03-15 11:30:00,2024-03-15 11:30:00,D,JFK,NEW YORK,UNITED STATES,3,DEPARTED,0.0
LY,7,2024-03-15 11:40:00,2024-03-15 11:40:00,D,JFK,NEW YORK,UNITED STATES,3,DEPARTED,0.0
AM,7851,2024-03-15 11:40:00,2024-03-15 11:40:00,D,AMS,AMSTERDAM,NETHERLANDS,3,DEPARTED,0.0
LY,339,2024-03-15 11:45:00,2024-03-15 11:45:00,D,AMS,AMSTERDAM,NETHERLANDS,3,DEPARTED,0.0
SK,3151,2024-03-15 11:45:00,2024-03-15 11:45:00,D,AMS,AMSTERDAM,NETHERLANDS,3,DEPARTED,0.0
LY,348,2024-03-15 11:45:00,2024-03-15 11:45:00,A,ZRH,ZURICH,SWITZERLAND,3,LANDED,0.0
SK,3188,2024-03-15 11:45:00,2024-03-15 11:45:00,A,ZRH,ZURICH,SWITZERLAND,3,LANDED,0.0
LY,358,2024-03-15 12:00:00,2024-03-15 12:00:00,A,FRA,FRANKFURT,GERMANY,3,LANDED,0.0
LY,387,2024-03-15 12:00:00,2024-03-15 12:00:00,D,MXP,MILAN,ITALY,3,DEPARTED,0.0
SK,3183,2024-03-15 12:00:00,2024-03-15 12:00:00,D,MXP,MILAN,ITALY,3,DEPARTED,0.0
IB,2393,2024-03-15 12:05:00,2024-03-15 12:05:00,A,BCN,BARCELONA,SPAIN,3,LANDED,0.0
LY,394,2024-03-15 12:15:00,2024-03-15 12:15:00,A,BCN,BARCELONA,SPAIN,3,LANDED,0.0
LY,338,2024-03-15 12:15:00,2024-03-15 12:15:00,A,AMS,AMSTERDAM,NETHERLANDS,3,LANDED,0.0
SK,3150,2024-03-15 12:30:00,2024-03-15 12:30:00,A,AMS,AMSTERDAM,NETHERLANDS,3,LANDED,0.0
6H,841,2024-03-15 12:30:00,2024-03-15 12:30:00,D,RMO,CHISINAU,MOLDOVA,3,DEPARTED,0.0
LY,5109,2024-03-15 12:30:00,2024-03-15 12:30:00,D,TBS,TBILISI,GEORGIA,3,DEPARTED,0.0
AM,7853,2024-03-15 12:40:00,2024-03-15 12:40:00,D,CDG,PARIS,FRANCE,3,DEPARTED,0.0
LY,325,2024-03-15 12:45:00,2024-03-15 12:45:00,D,CDG,PARIS,FRANCE,3,DEPARTED,0.0
BZ,462,2024-03-15 12:50:00,2024-03-15 12:50:00,D,PRG,PRAGUE,CZECH REPUBLIC,3,DEPARTED,0.0
6H,561,2024-03-15 12:50:00,2024-03-15 12:50:00,D,ATH,ATHENS,GREECE,3,DEPARTED,0.0
IZ,212,2024-03-15 12:50:00,2024-03-15 12:50:00,A,ATH,ATHENS,GREECE,3,CANCELED,0.0
